"ObjectID","Title","ConstituentID","Date","Medium","Dimensions","CreditLine","AccessionNumber","Classification","Department","DateAcquired","Cataloged","URL","Circumference (cm)","Depth (cm)","Diameter (cm)","Height (cm)","Length (cm)","Weight (kg)","Width (cm)","Seat Height (cm)","Duration (sec.)"
"106770","Álvaro Barrios: Apropiaciones y Grabados Populares","[26617]","2006","Exhibition catalogue with one loose editioned print","overall: 11 x 8 7/16"" (27.9 x 21.5 cm)","Gift of the artist","93.2007.1-2","Illustrated Book","Drawings & Prints","2007-03-07","N","","","","","27.9","","","21.5","",""
"128881","Centrosoyuz, 39 Miansnitskaya St., Moscow, Russia, Le Corbusier, Pierre Jeanneret, and Nikolai Kolli Architects, 1929-36","[4496]","1999","Pigmented inkjet print","48 3/8 × 61 3/16"" (122.9 × 155.4 cm)","Acquired through the generosity of Elise Jaffe and Jeffrey Brown","553.2009","Photograph","Photography","2009-05-11","N","","","","","122.8727457","","","155.4165608","",""
"172385","SEI ACQUAFORTI ORIGINALI","[5972]","-1959","Portfolio of 6 color etchings and a table of contents with miniatures of the etchings","","Abby Aldrich Rockefeller Fund","43.1965.6","Print","Drawings & Prints","1965-01-12","N","","","","","","","","","",""
"99343","Popular Print (Grabado popular)","[26617]","1975","Photolithograph","sheet (folded): 10 5/8 x 17 1/8"" (27 x 43.5 cm); sheet (unfolded): 10 5/8 x 34 1/4"" (27 x 87 cm)","Gift of the artist","510.2005","Print","Drawings & Prints","2005-06-02","Y","http://www.moma.org/collection/works/99343","","","","27.0","","","43.5","",""
"99339","Popular Print","[26617]","1977","Line block","Sheet: 11 x 17 15/16"" (28 x 44 cm)","Gift of the artist","514.2005","Print","Drawings & Prints","2005-06-02","Y","http://www.moma.org/collection/works/99339","","","","28.0","","","44.0","",""
"80198","1944-N No. 2","[5665]","1944","Oil on canvas","8' 8 1/4"" x 7' 3 1/4"" (264.5 x 221.4 cm)","The Sidney and Harriet Janis Collection","655.1967","Painting","Painting & Sculpture","1967-10-18","Y","http://www.moma.org/collection/works/80198","","","","264.5","","","221.4","",""
"168078","Voice","[35538]","1962","Iron and sack cloth","47 1/4 x 43 11/16 x 20 1/16"" (120 x 111 x 51 cm)","Gift of Ronald O. Perelman","552.2013","Sculpture","Painting & Sculpture","2013-05-20","Y","http://www.moma.org/collection/works/168078","","51.0","","120.0","","","111.0","",""
"16534","Plate (folio 10) from JEUX DE TRAMES","[5625]","1962","","irreg. composition  13 1/4 x 9 5/8"" (33.6 x 24.5 cm)","Gift of The Contemporaries, Inc.","387.1962.3","Illustrated Book","Drawings & Prints","1962-12-11","N","","","","","33.6","","","24.5","",""
"60096","Fashion Moda Benefit Portfolio","[6105, 4745, 4696, 2223, 3224, 1294, 1344]","1985","Portfolio of seven prints","","Purchase","19.1986.1-7","Print","Drawings & Prints","1986-01-09","N","","","","","","","","","",""
"126069","Untitled Popular Print for The Village Voice","[26617]","2008","Offset on newsprint","composition: 4 13/16 x 8 1/16"" (12.2 x 20.4 cm); sheet (folded): 12 x 10 3/8"" (30.5 x 26.3 cm)","Anonymous gift","2.2009.x1-x2","Print","Drawings & Prints","2009-01-13","Y","http://www.moma.org/collection/works/126069","","","","12.2","","","20.4","",""
"16537","Plate (folio 16) from JEUX DE TRAMES","[5625]","1962","","irreg. composition  12 15/16 x 9 13/16"" (33 x 25 cm)","Gift of The Contemporaries, Inc.","387.1962.6","Illustrated Book","Drawings & Prints","1962-12-11","N","","","","","33.0","","","25.0","",""
"5392","Exposition Albert Guillaume, 1896","[2404]","1896","Poster","","Gift of Ludwig Charell","160.1956","Design","Architecture & Design","1956-03-19","N","","","","","","","","","",""
"99354","Popular Print for the First Poligraphic Triennial of San Juan: Latin America & the Caribbean","[26617]","2004","Twenty-six photolithographs","Sheet: (each) 12 3/16 x 20 7/8"" (31 x 53 cm)","Gift of the artist","528.2005.1-26","Print","Drawings & Prints","2005-06-02","N","","","","","31.0","","","53.0","",""
"55792","Diptheria Innoculation, Harlem Clinic","[1190]","Before 1941","Gelatin silver print","12 7/8 × 10 3/8"" (32.7 × 26.4 cm)","Purchase","644.1941","Photograph","Photography","1941-12-10","Y","http://www.moma.org/collection/works/55792","","","","32.7","","","26.4","",""
"37252","Head of a Man","[4400]","1960","Watercolor and pencil on paper","25 1/4 x 19 7/8"" (65.5 x 50.5 cm)","Gift of Mrs. Samuel I. Rosenman","511.1964","Drawing","Drawings & Prints","1964-06-15","Y","http://www.moma.org/collection/works/37252","","","","64.1","","","50.5","",""
"66087","Ballade von der Judenhure Marie Sanders","[5564]","1991","Lithograph","composition and sheet: 21 1/16 x 48 1/8"" (53.5 x 122.2 cm)","John B. Turner Fund","287.1992","Print","Drawings & Prints","1992-05-20","Y","http://www.moma.org/collection/works/66087","","","","53.5","","","122.2","",""
"4283","Knitting Wool Container","[3891]","1949","Plastic","9 3/4 x 1 3/4"" (24.7 x 4.4cm)","Gift of the manufacturer","515.1956.a-k","Design","Architecture & Design","1956-10-25","Y","http://www.moma.org/collection/works/4283","","","4.4","","24.7","","","",""
"76236","MAN ANIMAL","[4400]","(December 9-13) 1963","Lithograph, printed in black","composition  30 1/8 x 22 5/16"" (76.5 x 56.7 cm)
sheet  30 1/8 x 22 5/16"" (76.5 x 56.7 cm)","Gift of Kleiner, Bell & Co.","1272.1967","Print","Drawings & Prints","1969-12-04","N","","","","","76.5","","","56.7","",""
"60329","(Untitled)","[4496]","-1952","Woodcut","","Given anonymously","24.1966","Print","Drawings & Prints","1966-01-11","N","","","","","","","","","",""
"5207","Remember Belgium","[6519]","1918","Poster","30 x 19 13/16"" (76.2 x 50.3 cm)","Gift of Mrs. M. E. Wormser","141.1943","Design","Architecture & Design","1943-05-12","Y","http://www.moma.org/collection/works/5207","","","","76.2","","","50.3","",""
"99351","Popular Print for the 6th International Print Biennial in Krakow, published in El Heraldo, February 20, 1976 (Grabado popular impreso para la VI Bienal Internacional de Grabado de Cracovia, publicado en El Heraldo, 20 de febrero de 1976)","[26617]","1976","Offset lithograph on newsprint","composition: 10 15/16 x 13 7/8"" (27.8 x 35.2 cm); sheet (unfolded): 22 13/16 x 30"" (58 x 76.2 cm)","Gift of the artist","512.2005","Print","Drawings & Prints","2005-06-02","Y","http://www.moma.org/collection/works/99351","","","","27.8","","","35.2","",""
"35544","Codex Artaud XXIII","[5564]","1972","Cut-and-pasted paper, printed text, gouache, metallic paint, ink, stamped ink, and pencil on paper","24 x 115"" (61 x 292.3 cm)","Gift of Agnes Gund, R.L.B. Tobin and Jo Carole and Ronald S. Lauder","207.1993","Drawing","Drawings & Prints","1993-05-05","Y","http://www.moma.org/collection/works/35544","","","","61.0","","","292.3","",""
"48532","OUGHTMAMA, CHANCEL ARCH OF GREATER CHURCH","[3934]","before 1875","Carbon print","7 3/8 × 9 1/4"" (18.7 × 23.5 cm)","Partial gift of Shirley C. Burden, by exchange","208.1985","Photograph","Photography","1985-05-29","N","","","","","18.7","","","23.5","",""
"48570","FRESHFORD, COUNTY KILKENNY, HOLY WELL","[3934]","before 1875","Carbon print","7 3/8 × 9 1/2"" (18.7 × 24.1 cm)","Partial gift of Shirley C. Burden, by exchange","210.1985","Photograph","Photography","1985-05-29","N","","","","","18.7","","","24.1","",""
"180314","Untitled, São Paulo","[45798]","c. 1941","Gelatin silver print","15 9/16 × 11 11/16"" (39.5 × 29.7 cm)","Acquired through the generosity of José Olympio da Veiga Pereira, and Alfredo Setubal through the Latin American and Caribbean Fund","444.2015","Photograph","Photography","2015-05-28","Y","http://www.moma.org/collection/works/180314","","","","39.5","","","29.7","",""
"110515","Popular Print for the exhibition ""Dreams About Marcel Duchamp"" (Grabado popular impreso para la exhibición ""Sueños con Marcel Duchamp"")","[26617]","1980","Offset lithograph with pencil additions","composition: 7 5/8 x 10 3/16"" (19.4 x 25.8 cm); sheet: 8 3/8 x 10 7/8"" (21.2 x 27.7 cm)","Gift of the artist","519.2005.2","Print","Drawings & Prints","2005-06-02","Y","http://www.moma.org/collection/works/110515","","","","19.4","","","25.8","",""
"110519","Popular Print for the exhibition ""Dreams About Marcel Duchamp"" (Grabado popular impreso para la exhibición ""Sueños con Marcel Duchamp"")","[26617]","1980","Offset lithograph with pencil additions","composition: 7 5/8 x 10 3/16"" (19.4 x 25.8 cm); sheet: 8 3/8 x 10 7/8"" (21.2 x 27.7 cm)","Gift of the artist","519.2005.6","Print","Drawings & Prints","2005-06-02","Y","http://www.moma.org/collection/works/110519","","","","19.4","","","25.8","",""
"134490","Paper Tiger","[402]","1969","Screenprint","composition: 19 13/16 x 27 3/4"" (50.4 x 70.5 cm); sheet: 21 5/16 x 29 1/8"" (54.2 x 74 cm)","Mary Ellen Oldenburg Fund","95.201","Print","Drawings & Prints","2010-03-09","Y","http://www.moma.org/collection/works/134490","","","","50.4","","","70.5","",""
"5904","Marilú Marini, Aida Laib, Ana Kamien, Danza Actual (Poster for a dance performance at the Teatro Alianza Francesa, Buenos Aires)","[2164]","1964","Offset lithograph","39 x 18 1/4"" (99.1 x 46.3 cm)","Gift of the designer","260.1981","Design","Architecture & Design","1981-04-30","Y","http://www.moma.org/collection/works/5904","","","","99.1","","","46.3","",""
"8067","(Exhibition of Graphic Art, Albertina Museum, Vienna)","[5228]","Unknown","Poster","23 1/4 x 33"" (59.0 x 83.8 cm)","Gift of the artist","760.1963","Design","Architecture & Design","1963-12-10","N","","","","","59.0","","","83.8","",""
"52558","GEAUGA COUNTY, CHARDON, OHIO","[4496]","1975-76","Gelatin silver print","9 1/2 × 7 1/2"" (24.2 × 19.1 cm)","Gift of Joseph E. Seagram & Sons, Inc., Seagram County Court House Archives","397.1983","Photograph","Photography","1983-03-24","N","","","","","24.2","","","19.1","",""
"7243","Olivetti","[4629]","1947","Offset lithograph","37 1/8 x 26 1/4"" (95 x 66.5 cm)","Gift of the designer","492.1987","Design","Architecture & Design","1987-11-18","Y","http://www.moma.org/collection/works/7243","","","","95.0","","","66.5","",""
"106771","Untitled","[26617]","2006","Five postcards","composition (each) and sheet: 4 5/16 x 5 11/16"" (11 x 14.5 cm)
","Gift of the artist","94.2007.1-5","Print","Drawings & Prints","2007-03-07","N","","","","","11.0","","","14.5","",""
"64838",".a The Standard Bearer (Bannerträger) for the periodical in portfolio form Krieg und Kunst , no. 1 (1914) .b Tyrolean Landsturm (Tiroler Landsturm) for the periodical in portfolio form Krieg und Kunst , no. 1 (1914) .c 'Barbaren': Johann Sebastian Bach ('Barbarians': Johann Sebastian Bach) for the periodical in portfolio form Krieg und Kunst , no. 1 (1914) .d Thor's Shadow (Thor's Schatten) for the periodical in portfolio form Krieg und Kunst , no. 1 (1914)","[1243, 37154, 37155, 37153]","(1914-1915)","Four lithographs on one folded sheet","composition (.a verso, irreg.): 9 5/16 x 10 13/16"" (23.6 x 27.5 cm); composition (.b recto, irreg.): 10 11/16 x 9 5/16"" (27.2 x 23.6 cm); composition (.c verso, irreg.): 11 15/16 x 9 7/16"" (30.4 x 24 cm); composition (.d recto, irreg.): 10 1/16 x 8 7/16"" (25.5 x 21.4 cm); sheet: 15 1/16 x 13 7/8"" (38.3 x 35.3 cm)","Given anonymously","231.1952.a-d","Print","Drawings & Prints","1952-11-07","Y","http://www.moma.org/collection/works/64838","","","","23.6","","","27.5","",""
"103754","Woman/War/Victimage/Resistance from the Museum in Progress","[5564]","(newspaper published October 19, 1994 through March 14, 1995)","Six lithographs, offset printed","sheet (each): 18 1/2 x 12 3/8"" (47 x 31.5 cm)","Linda Barth Goldstein Fund","514.2006.57a-f","Print","Drawings & Prints","2006-06-01","N","","","","","47.0","","","31.5","",""
"99344","Popular Print ""Sketch for Saint Sebastian Tied Down to the Column of the Stars""","[26617]","1977","Photolithograph","Sheet: 13 3/8 x 18 7/8"" (34 x 48 cm)","Gift of the artist","516.2005","Print","Drawings & Prints","2005-06-02","Y","http://www.moma.org/collection/works/99344","","","","34.0","","","48.0","",""
"168079","Untitled","[35538]","1962-63","Iron and sack cloth","39 3/8 x 27 3/16 x 2 15/16"" (100 x 69 x 7.5 cm)","Gift of Dakis Joannou","553.2013","Sculpture","Painting & Sculpture","2013-05-20","Y","http://www.moma.org/collection/works/168079","","7.5","","100.0","","","69.0","",""
"161818","Untitled from the portfolio APN (Asahi Picture News), Untitled \from the portfolio\ APN (Asahi Picture News)","[38961, 35538]","1953-54","Gelatin silver print, printed 2002","7 5/16 × 6 5/16"" (18.6 × 16 cm)
","Committee on Photography Fund","701.2012.8","Photograph","Photography","2012-05-09","Y","http://www.moma.org/collection/works/161818","","","","18.6","","","16.0","",""
"63849","Untitled from the portfolio Suites, no. 8","[194, 7846, 6976, 2678, 527]","-1964","Lithograph","","Gift of Jan Krugier","181.1999.1","Print","Drawings & Prints","1999-05-20","Y","http://www.moma.org/collection/works/63849","","","","","","","","",""
"69147","Broom Wagon","[4660]","1967","Woodcut","composition: 14 13/16 x 20 5/16"" (37.7 x 51.6 cm); sheet: 19 1/2 x 25 5/8"" (49.5 x 65.1 cm)","Inter-American Fund","439.1969","Print","Drawings & Prints","1969-05-22","Y","http://www.moma.org/collection/works/69147","","","","37.7","","","51.6","",""
"5563","The New Age, Canned Heat, West Coast Experimental Band","[7072]","1967","Offset lithograph","dia. 18 9/16"" (47.2cm)","Gift of Gary Essert","181.1993","Design","Architecture & Design","1993-05-04","Y","http://www.moma.org/collection/works/5563","","","47.2","","","","","",""
"80597","The Quarriers","[3487]","1930","Oil on canvas","10 3/4 x 16 1/4"" (27.1 x 41.4 cm)","James Thrall Soby Bequest","1229.1979","Painting","Painting & Sculpture","1979-12-11","Y","http://www.moma.org/collection/works/80597","","","","27.1","","","41.4","",""
"51687","Dale Creek Bridge, From Above","[5091]","1867","Albumen silver print","9 × 12 1/2"" (22.9 × 31.8 cm)","Gift of Union Pacific Railroad Company","358.1938","Photograph","Photography","1938-10-20","Y","http://www.moma.org/collection/works/51687","","","","22.9","","","31.8","",""
"8805","Moby Grape, The Sparrow, Charlatans","[4133, 8395]","1966-67","Lithograph","20 x 14 1/8"" (50.8 x 35.9 cm)","Gift of the designer","1507.2","Design","Architecture & Design","2000-12-11","Y","http://www.moma.org/collection/works/8805","","","","50.8","","","35.9","",""
"98100","Sea Shelter","[28395, 28274, 29049, 29048, 29050, 28394]","2004","Nylon and rubber","6'6 3/4"" x 10'6"" x 12'1 5/8"" (200 x 320 x 370 cm)","Alexander Schärer Purchase Fund","107.2006","Design","Architecture & Design","2006-02-09","Y","http://www.moma.org/collection/works/98100","","370.0","","200.0","","","320.0","",""
"48551","FOR OF AENGUS, PORTION OF WALLS","[3934]","before 1875","Carbon print","7 1/2 × 9 1/2"" (19.2 × 24.2 cm)","Partial gift of Shirley C. Burden, by exchange","209.1985","Photograph","Photography","1985-05-29","N","","","","","19.2","","","24.2","",""
"122513","Art & Project Bulletin #16","[40879]","1969","One from a set of 156 offset printed bulletins, exhibition copy","sheet (each): 11 5/8 x 16 9/16"" (29.6 x 42 cm)","Art & Project/Depot VBVR Gift","1099.2007.16","Print","Drawings & Prints","2007-11-12","N","","","","","29.6","","","42.0","",""
"6356","Olivetti Tetractys","[4629]","1957","Photolithograph","27 3/4 x 19 1/2"" (70.5 x 49.5 cm)","Gift of the Olivetti Corporation","338.1957","Design","Architecture & Design","1957-12-04","Y","http://www.moma.org/collection/works/6356","","","","70.4851","","","49.5301","",""
"80140","Monastery Farm, Rhode Island","[3440]","1936","Oil on rubberized cloth","28 1/4 x 38"" (71.8 x 96.5 cm)","Abby Aldrich Rockefeller Fund","632.1939","Painting","Painting & Sculpture","1939-12-08","Y","http://www.moma.org/collection/works/80140","","","","71.8","","","96.5","",""
"76224","HOMAGE TO CARRIÈRE","[4400]","(November 11-14) 1963","Lithograph, printed in black","composition  30 x 22 1/4"" (76.3 x 56.6 cm)
sheet  30 x 22 1/4"" (76.3 x 56.6 cm)","Gift of Kleiner, Bell & Co.","1265.1967","Print","Drawings & Prints","1969-12-04","N","","","","","76.3","","","56.6","",""
"8825","Olivetti Lettera 22","[4629]","1953","Lithograph","27 1/2 x 19 3/4"" (69.9 x 50.2 cm)","Gift of the designer","1528.2","Design","Architecture & Design","2000-12-11","Y","http://www.moma.org/collection/works/8825","","","","69.9","","","50.2","",""
"59942","Untitled","[2759]","1971","Etching","plate: 5 13/16 x 5 3/4"" (14.8 x 14.6 cm); sheet: 19 1/2 x 12 11/16"" (49.5 x 32.2 cm)","Gift of Mr. and Mrs. Wolfgang Schoenborn","14.1973","Print","Drawings & Prints","1973-01-04","Y","http://www.moma.org/collection/works/59942","","","","14.8","","","14.6","",""
"51854","Valley of the Great Laramie from the Mountains","[5091]","1860-69","Albumen silver print","8 3/8 × 11 1/4"" (21.3 × 28.6 cm)","Gift of Union Pacific Railroad Company","366.1938","Photograph","Photography","1938-10-20","Y","http://www.moma.org/collection/works/51854","","","","21.3","","","28.6","",""
"52425","SAINT LOUIS COUNTY, SAINT LOUIS, MISSOURI","[4496]","1975-76","Gelatin silver print","9 5/16 × 7 3/8"" (23.6 × 18.8 cm)","Gift of Joseph E. Seagram & Sons, Inc., Seagram County Court House Archives","392.1983","Photograph","Photography","1983-03-24","N","","","","","23.6","","","18.8","",""
"99349","Popular Print ""Allegory of Peace""","[26617]","1984","Photolithograph","composition: 7 3/16 x 8 7/16"" (18.2 x 21.4 cm); sheet (folded): 22 13/16 x 14 1/16"" (58 x 35.7 cm); sheet (unfolded): 22 13/16 x 27 15/16"" (58 x 71 cm)","Gift of the artist","524.2005","Print","Drawings & Prints","2005-06-02","Y","http://www.moma.org/collection/works/99349","","","","18.2","","","21.4","",""
"134489","Cups Wallpaper","[402]","1967","Screenprinted wallpaper","composition and sheet: 16 9/16 x 23 7/16"" (42.1 x 59.5 cm)","Acquired through the generosity of The Contemporary Arts Council of The Museum of Modern Art and Linda Barth Goldstein Fund","94.2010.a-b","Print","Drawings & Prints","2010-03-09","Y","http://www.moma.org/collection/works/134489","","","","42.1","","","59.5","",""
"52406","NORTHAMPTON COUNTY, EASTVILLE, VIRGINIA","[4496]","1975-76","Gelatin silver print","7 1/2 × 9 7/16"" (19.1 × 24.0 cm)","Gift of Joseph E. Seagram & Sons, Inc., Seagram County Court House Archives","391.1983","Photograph","Photography","1983-03-24","N","","","","","19.1","","","24.0","",""
"51831","Pulpit Rock in Foreground","[5091]","1868","Albumen silver print","9 × 12"" (22.9 × 30.5 cm)","Gift of Union Pacific Railroad Company","365.1938","Photograph","Photography","1938-10-20","Y","http://www.moma.org/collection/works/51831","","","","22.9","","","30.5","",""
"134492","Chairs Up","[402]","1970","Screenprint","composition and sheet: 23 7/16 x 16 9/16"" (59.5 x 42 cm)","Mary Ellen Oldenburg Fund","98.201","Print","Drawings & Prints","2010-03-09","Y","http://www.moma.org/collection/works/134492","","","","59.5","","","42.0","",""
"77520","Untitled","[4186]","(July 30-August 7) 1965","Lithograph, printed in color","composition  19 7/8 x 18 5/8"" (50.5 x 47.3 cm)
sheet  19 7/8 x 18 5/8"" (50.5 x 47.3 cm)","Gift of Kleiner, Bell & Co.","1726.1967","Print","Drawings & Prints","1974-01-10","N","","","","","50.5","","","47.3","",""
"60098","S.O.S. from the FASHION MODA BENEFIT PORTFOLIO","[4745]","(October, 1985)","Screenprint and lithograph","","Purchase","19.1986.3","Print","Drawings & Prints","1986-01-09","N","","","","","","","","","",""
"64166","Thou Shalt Not Kill, plate VI from the portfolio The Ten Commandments","[5564]","1987","Lithograph and letterpress","composition  23 11/16 x 17 13/16"" (60.1 x 45.3 cm)
sheet  23 11/16 x 17 13/16"" (60 x 45.3 cm)","Gift of Art Issue Editions, Inc.","194.1988","Print","Drawings & Prints","1988-05-04","Y","http://www.moma.org/collection/works/64166","","","","60.1","","","45.3","",""
"67679","L'Estampe Moderne, Number 19","[6705, 6706, 6707, 6708, 24409]","published November 1898","Portfolio with four lithographs","","Gift of Mr. and Mrs. E. Powis Jones","360.1958.1-4","Print","Drawings & Prints","1958-12-19","N","","","","","","","","","",""
"12577","Parkett no. 52","[402, 7674, 8034, 4100, 8043, 24409]","1998","Journal","","Gift of Parkett","171.1999.2.x1-x2","Periodical","Drawings & Prints","1999-05-20","Y","http://www.moma.org/collection/works/12577","","","","","","","","",""
"134481","Femfolio","[24409, 153, 8183, 38008, 38009, 34727, 38010, 38011, 3235, 38012, 7066, 5204, 7712, 38013, 38014, 5501, 5564, 38015, 38016, 6271, 38017]","2009","Portfolio of nineteen digital prints (twelve with lithograph, one with pochoir, one with hand coloring, and one with gold dusting) and one lithograph","dimensions vary","Gift of Ann and Lee Fensterstock in honor of Momenta Art","113.2010.1-20","Print","Drawings & Prints","2010-03-09","Y","http://www.moma.org/collection/works/134481","","","","","","","","",""
"192827","Poster for Zulema Ciordia at Galeria Lirolay Esmeralda 868","[2164]","1964","Lithograph","22 3/4 x 15 1/2"" (57.8 x 39.4 cm)","Anonymous gift","791.2015","Design","Architecture & Design","2015-06-04","Y","http://www.moma.org/collection/works/192827","","0.0","","57.78511557","","","39.37007874","",""
"103529","My Father and I (Vater und ich) from the Museum in Progress project Gastarbajteri","[30901]","(newspaper published January 24, 2004)","Lithograph, offset printed","sheet: 18 1/2 x 12 3/8"" (47 x 31.5 cm)","Linda Barth Goldstein Fund","514.2006.404","Print","Drawings & Prints","2006-06-01","N","","","","","46.99009398","","","31.5","",""
"1627","PH Table Lamp","[7261]","1926","Bakelite, glass, and brass","17 1/2 x 13 3/8"" (44.5 x 34 cm)","Estée and Joseph Lauder Design Fund","27.2","Design","Architecture & Design","2000-01-19","Y","http://www.moma.org/collection/works/1627","","","33.9726","44.5","","","","",""
"149513","Popular Print","[26617]","1978","Three photolithographs","Sheet: 22 13/16 x 29 1/8"" (58 x 74 cm)","Gift of the artist","518.2005.3","Print","Drawings & Prints","2005-06-02","N","","","","","58.0","","","74.0","",""
"122648","Art & Project Bulletin #153","[40914]","1988","One from a set of 156 offset printed bulletins, exhibition copy","sheet (each): 11 5/8 x 16 9/16"" (29.6 x 42 cm)","Art & Project/Depot VBVR Gift","1099.2007.151","Print","Drawings & Prints","2007-11-12","N","","","","","29.6","","","42.0","",""
"161811","Untitled from the portfolio APN (Asahi Picture News)","[38961, 35538]","1953-54","Gelatin silver print, printed 2002","6 5/16 × 4 5/16"" (16 × 11 cm)
","Committee on Photography Fund","701.2012.1","Photograph","Photography","2012-05-09","Y","http://www.moma.org/collection/works/161811","","","","16.0","","","11.0","",""
"66790","To the Revolution from ACT UP Art Box","[5564]","1994","Multiple of wooden box with stamped ink and paint additions","overall (closed): 5 1/8 × 24 × 13 15/16"" (13 × 60.9 × 35.4 cm)","Gift of Agnes Gund","316.1994.1","Print","Drawings & Prints","1994-05-26","Y","http://www.moma.org/collection/works/66790","","","","20.7","","","56.9","",""
"54597","Play Your Game (Spielt Euer Spiel)","[7829]","1931","Pencil, ink, and collage of photomechanical reproductions","19 5/8 × 25 1/2"" (49.8 × 64.7 cm)","Horace W. Goldsmith Fund through Robert B. Menschel, The Family of Man Fund, David H. McAlpin Fund and Purchase","514.1992","Photograph","Photography","1992-12-03","N","","","","","49.8","","","64.7","",""
"63850","SUITES, no. 8","[6976, 2678, 527, 7846, 194, 24409]","November 1964.","Portfolio of 6 lithographs","each composition  12 3/4 x 19 1/8"" (32.3 x 48.8 cm)
each sheet  12 3/4 x 19 1/8"" (32 x 48.8 cm)","Gift of Jan Krugier","181.1999.1-6","Print","Drawings & Prints","1999-05-20","N","","","","","32.3","","","48.8","",""
"161817","Untitled from the portfolio APN (Asahi Picture News), Untitled \from the portfolio\ APN (Asahi Picture News)","[38961, 35538]","1953-54","Gelatin silver print, printed 2002","6 5/16 × 4 7/16"" (16 × 11.2 cm)
","Committee on Photography Fund","701.2012.7","Photograph","Photography","2012-05-09","Y","http://www.moma.org/collection/works/161817","","","","16.0","","","11.2","",""
"51707","Construction Train, Bear River","[5091]","1868","Albumen silver print","8 3/4 × 11 1/2"" (22.2 × 29.2 cm)","Gift of Union Pacific Railroad Company","359.1938","Photograph","Photography","","Y","http://www.moma.org/collection/works/51707","","","","22.2","","","29.2","",""
"122626","Art & Project Bulletin #131","[40908]","1982","One from a set of 156 offset printed bulletins, exhibition copy","sheet (each): 11 5/8 x 16 9/16"" (29.6 x 42 cm)","Art & Project/Depot VBVR Gift","1099.2007.129","Print","Drawings & Prints","2007-11-12","N","","","","","29.6","","","42.0","",""
"52507","DELAWARE COUNTY, DELAWARE, OHIO","[4496]","1975-76","Gelatin silver print","7 3/8 × 9 1/4"" (18.7 × 23.6 cm)","Gift of Joseph E. Seagram & Sons, Inc., Seagram County Court House Archives","395.1983","Photograph","Photography","1983-03-24","N","","","","","18.7","","","23.6","",""
"16538","Plate (folio 18) from JEUX DE TRAMES","[5625]","1962","","irreg. composition  12 7/8 x 8 3/4"" (32.7 x 22.2 cm)","Gift of The Contemporaries, Inc.","387.1962.7","Illustrated Book","Drawings & Prints","1962-12-11","N","","","","","32.7","","","22.2","",""
"16540","Plate (folio 22) from JEUX DE TRAMES","[5625]","1962","","irreg. composition  13 1/16 x 10 1/4"" (33.2 x 26.1 cm)","Gift of The Contemporaries, Inc.","387.1962.9","Illustrated Book","Drawings & Prints","1962-12-11","N","","","","","33.2","","","26.1","",""
"110520","Popular Print for the 9th Biennial of Tokyo, published in Diario del Caribe, October 3, 1974 (Grabado popular impreso para la IX Bienal de Grabados de Tokyo, publicado en Diario del Caribe, 3 de octubre de 1974)","[26617]","1974","Offset lithograph on newsprint","composition: 19 7/8 x 13 1/4"" (50.5 x 33.7 cm); sheet (unfolded): 22 11/16 x 29"" (57.7 x 73.6 cm)","Gift of the artist","509.2005.1","Print","Drawings & Prints","2005-06-02","N","","","","","50.5","","","33.7","",""
"401152","Windows on the World (Part 2)","[131860]","2014","24-channel video (color, sound)
","Duration variable","Fund for the Twenty-First Century","699.2019","Video","Media and Performance","2019-11-13","N","","","","","","","","","",""
"7139","Lago di Garda, Riva-Torbole","[4927]","1936","Lithograph","39 3/8 x 27 7/16"" (100.0 x 69.8 cm)","Purchase","468.1976","Design","Architecture & Design","1976-10-22","Y","http://www.moma.org/collection/works/7139","","","","100.0","","","69.8","",""
"76424","Spanish Woman","[4400]","1964","Lithograph","composition: 19 1/8 x 14 1/8"" (48.5 x 35.8cm); sheet: 19 1/8 x 14 1/8"" (48.5 x 35.8cm)","Gift of Kleiner, Bell & Co.","1343.1967","Print","Drawings & Prints","1969-12-04","Y","http://www.moma.org/collection/works/76424","","","","48.5","","","35.8","",""
"184012","I'm still in love with you","[24409, 48629]","1998","12-inch vinyl record with catalogue and CD","cover: 12 1/4 × 12 1/4"" (31.1 × 31.1 cm)","Committee on Prints and Illustrated Books Fund","854.2013.144.x1-x2","Audio","Drawings & Prints","2013-10-10","Y","http://www.moma.org/collection/works/184012","","0.0","","31.11506223","","","31.11506223","",""
"38698","The Forest","[4660]","1967","Ink on paper","19 1/2 x 25 1/2"" (49.5 x 64.7 cm)","Purchase","1585.1968","Drawing","Drawings & Prints","1968-12-11","Y","http://www.moma.org/collection/works/38698","","","","49.5301","","","64.7","",""
"52379","SAINT LOUIS COUNTY, SAINT LOUIS, MISSOURI","[4496]","1975-76","Gelatin silver print","7 3/8 × 9 1/4"" (18.7 × 23.6 cm)","Gift of Joseph E. Seagram & Sons, Inc., Seagram County Court House Archives","390.1983","Photograph","Photography","1983-03-24","N","","","","","18.7","","","23.6","",""
"192833","LSD","[2164]","1968","Lithograph","15 1/4 x 22 3/4"" (38.7 x 57.8 cm)","Anonymous gift","796.2015","Design","Architecture & Design","2015-06-04","Y","http://www.moma.org/collection/works/192833","","0.0","","38.73507747","","","57.78511557","",""
"194449","Old Sydney textile","[48285]","c. 1947","Screenprinted silk","21 1/2 x 35 1/2"" (54.6 x 90.2 cm)","Anonymous gift","1098.2015","Design","Architecture & Design","2015-10-19","Y","http://www.moma.org/collection/works/194449","","0.0","","54.61010922","","","90.17018034","",""
"189482","Divergente","[45798]","1949","Gelatin silver print","15 3/4 × 11 9/16"" (40 × 29.4 cm)","Latin American and Caribbean Fund","445.2015","Photograph","Photography","2015-05-28","Y","http://www.moma.org/collection/works/189482","","","","40.0","","","29.4","",""
"142438","Snake Chair","[7261]","1931","Chromium plated tubular steel, laminated wood and leather
","31 1/2 x 14"" (80 x 35.6 cm)","Gift of Marie-Josée and Henry R. Kravis in honor of George R. Kravis II","974.201","Design","Architecture & Design","2010-12-06","Y","http://www.moma.org/collection/works/142438","","","35.56007112","80.01016002","","","","",""
"99348","Popular Print for the Triennial of Graphic Art in Berlin ""Integrafik 84""","[26617]","1983","Photolithograph","composition: 9 15/16 x 13 3/16"" (25.3 x 33.5 cm); sheet (folded): 22 13/16 x 14"" (58 x 35.6 cm); sheet (unfolded): 22 13/16 x 28 1/16"" (58 x 71.3 cm)","Gift of the artist","523.2005","Print","Drawings & Prints","2005-06-02","Y","http://www.moma.org/collection/works/99348","","","","25.3","","","33.5","",""
"106763","Mundo","[26617]","29373","Magazine with one loose digital print with rubber stamp additions","overall: 12 5/8 x 9 1/8"" (32 x 23.1 cm)","Gift of the artist","92.2007.1-2","Illustrated Book","Drawings & Prints","2007-03-07","N","","","","","32.0","","","23.1","",""
"63652","Departing for the Ride (Le Départ pour la promenade) from Essai dur l'histoire de la lithographie en France. Les Peintures lithographes de Manet à Matisse. Album de lithographies originales.","[6706]","c. 1924","Lithograph from a portfolio of 16 lithographs","composition: 9 1/8 × 11 7/16"" (23.1 × 29.1 cm); sheet: 10 13/16 × 14 5/16"" (27.5 × 36.4 cm)","Purchase Fund","175.1949.5","Print","Drawings & Prints","1949-03-24","Y","http://www.moma.org/collection/works/63652","","","","23.1","","","29.1","",""
"52525","PHILADELPHIA COUNTY, PHILADELPHIA, PENNSYLVANIA","[4496]","1975-76","Gelatin silver print","9 1/4 × 7 3/8"" (23.5 × 18.8 cm)","Gift of Joseph E. Seagram & Sons, Inc., Seagram County Court House Archives","396.1983","Photograph","Photography","1983-03-24","N","","","","","23.5","","","18.8","",""
"16536","Plate (folio 14) from JEUX DE TRAMES","[5625]","1962","","irreg. composition  12 9/16 x 10 1/8"" (31.9 x 25.7 cm)","Gift of The Contemporaries, Inc.","387.1962.5","Illustrated Book","Drawings & Prints","1962-12-11","N","","","","","31.9","","","25.7","",""
"105577","Exit 8","[24409, 280, 31697, 31698, 3035, 7841, 6602, 5486, 5564, 31699]","1997–98","Portfolio of seven screenprints (two with collage additions, two with water color additions), one lithograph, and screenprinted cover","composition (see child records): various; sheet (each, approx.): 30 × 22"" (76.2 × 55.9 cm)","Gift of Lee and Ann Fensterstock","136.2007.1-9","Print","Drawings & Prints","2007-03-07","Y","http://www.moma.org/collection/works/105577","","","","0.0","","","0.0","",""
"76231","23337","[4400]","1963","Lithograph","composition: 22 5/16 x 18 1/8"" (56.7 x 46.1cm); sheet: 22 5/16 x 18 1/8"" (56.7 x 46.1cm)","Gift of Kleiner, Bell & Co.","1269.1967","Print","Drawings & Prints","1969-12-04","Y","http://www.moma.org/collection/works/76231","","","","56.7","","","46.1","",""
"192832","Pero ¿Por qué son tan geniales? (But Why are They So Great?)","[2164]","1968","Lithograph","23 3/4 x 15 3/4"" (60.3 x 40 cm)","Anonymous gift","797.2015","Design","Architecture & Design","2015-06-04","Y","http://www.moma.org/collection/works/192832","","0.0","","60.32512065","","","40.00508001","",""
"103468","Flying Home for the Museum in Progress project Interventions: Billboard","[402]","(newspaper published December 9/10, 2000)","Two lithographs, offset printed","sheet (each): 18 1/2 x 12 3/8"" (47 x 31.5 cm)","Linda Barth Goldstein Fund","514.2006.147a-b","Print","Drawings & Prints","2006-06-01","N","","","","","47.0","","","31.5","",""
"63854","RENCONTRES from the portfolio SUITES, no. 8","[7846, 6976, 2678, 527, 194]","-1964","Lithograph","","Gift of Jan Krugier","181.1999.5","Print","Drawings & Prints","1999-05-20","N","","","","","","","","","",""
"51381","Untitled","[2973]","n.d.","Gelatin silver print","5 3/4 × 8 3/4"" (14.6 × 22.2 cm)","John Parkinson III Fund","346.1974","Photograph","Photography","1974-06-04","N","","","","","14.6","","","22.2","",""
"68134","Documenta: The Super Realists","[24409, 424, 1267, 1678, 2137, 2209, 3890, 4709, 5127, 5262, 5591]","1972","Portfolio of ten lithographs","composition and sheet (see child records): dimensions vary","Gift of Dr. Samuel Mandel","381.1975.1-10","Print","Drawings & Prints","1976-01-08","Y","http://www.moma.org/collection/works/68134","","","","","","","","",""
"8170","Mothers of Invention","[4133]","1967","Offset lithograph","21 3/4 x 12 5/8"" (55.5 x 32.3 cm)","Gift of the designer","801.1983","Design","Architecture & Design","1983-11-30","Y","http://www.moma.org/collection/works/8170","","","","55.5","","","32.3","",""
"114852","Station Wagon Interior, Utopia Parkway, Queens","[34468]","1955","Gelatin silver print","9 7/8 × 48 7/8"" (25.1 × 124.2 cm)","Acquired through the generosity of Richard O. Rieger","194.2008","Photograph","Photography","2008-02-14","Y","http://www.moma.org/collection/works/114852","","","","25.1","","","124.2","",""
"59972","Untitled","[2759]","1972","Etching","plate: 4 1/4 x 3 15/16"" (10.8 x 10 cm); sheet: 19 1/2 x 12 11/16"" (49.5 x 32.2 cm)","Gift of Mr. and Mrs. Wolfgang Schoenborn","15.1973","Print","Drawings & Prints","1973-01-04","Y","http://www.moma.org/collection/works/59972","","","","10.8","","","10.0","",""
"76228","BLACK CHRIST I","[4400]","(December 5) 1963","Lithograph, printed in black","composition  30 x 22 1/4"" (76.3 x 56.5 cm)
sheet  30 x 22 1/4"" (76.3 x 56.5 cm)","Gift of Kleiner, Bell & Co.","1267.1967","Print","Drawings & Prints","1969-12-04","N","","","","","76.3","","","56.5","",""
"76432","Head and Shape I","[4400]","1964","Lithograph","composition: 26 15/16 x 22 5/16"" (68.5 x 56.6cm); sheet: 26 15/16 x 22 5/16"" (68.5 x 56.6cm)","Gift of Kleiner, Bell & Co.","1345.1967","Print","Drawings & Prints","1969-12-04","Y","http://www.moma.org/collection/works/76432","","","","68.5","","","56.6","",""
"76440","Variation on a Head I","[4400]","1964","Lithograph","composition (irreg.): 19 1/2 x 20 9/16"" (49.6 x 52.2cm); sheet: 24 15/16 x 22 5/16"" (63.4 x 56.7cm)","Gift of Kleiner, Bell & Co.","1347.1967","Print","Drawings & Prints","1969-12-04","Y","http://www.moma.org/collection/works/76440","","","","49.6","","","52.2","",""
"189483","Abstrata","[45798]","1953","Gelatin silver print","15 3/4 × 10 9/16"" (40 × 26.9 cm)","Gift of Gaspar Gasparian Filho","446.2015","Photograph","Photography","2015-05-28","Y","http://www.moma.org/collection/works/189483","","","","40.0","","","26.9","",""
"157051","Felix Gets the Can","[41457]","1924","16mm film (black and white, silent)","7 min.","","F2012.42","Film","Film","2002-05-07","N","","","","","","","","","","420.0"
"118980","XO Laptop from the One Laptop per Child (OLPC) project","[33149, 33195, 33372, 33196, 33371, 33373, 33374, 33197, 33200, 27724, 33198, 33199, 33201, 33202, 29036, 27802, 33203]","2005","PC/ABS plastic, rubber, and other materials",".1: 9 1/2 x 9 x 1 1/8"" (24.1 x 22.9 cm, 1 1/8"")
.2: 9 1/2 x 9 x 1 1/8"" (24.1 x 22.9 x 2.9 cm)","Gift of Pentagram Design","447.2008.1-2","Design","Architecture & Design","2008-05-22","N","","","2.857505715","","24.13004826","","","22.86004572","",""
"192831","Afrika","[2164]","1968","Lithograph","23 x 16 1/4"" (58.4 x 41.3 cm)","Anonymous gift","794.2015","Design","Architecture & Design","2015-06-04","Y","http://www.moma.org/collection/works/192831","","0.0","","58.42011684","","","41.27508255","",""
"102948","Álvaro Barrios as Marcel Duchamp as Rrose Sélavy as L.H.O.O.Q.","[26617]","1980–2006","Three digital prints with rubber stamp additions","composition (irreg.): 11 15/16 x 7 3/4"" (30.3 x 19.7 cm); sheet (each): 18 x 12"" (45.7 x 30.5 cm)","Gift of the artist","477.2006.1-3","Print","Drawings & Prints","2006-06-01","Y","http://www.moma.org/collection/works/102948","","","","30.3","","","19.7","",""
"63852","Untitled from the portfolio SUITES, no. 8","[2678, 7846, 6976, 527, 194]","-1964","Lithograph","","Gift of Jan Krugier","181.1999.3","Print","Drawings & Prints","1999-05-20","N","","","","","","","","","",""
"80002","Shrimp Fishermen","[3487]","1937","Oil on canvas","21 1/4 x 31 3/4"" (54 x 80.6 cm)","Gift of James Thrall Soby","578.1943","Painting","Painting & Sculpture","1943-07-06","Y","http://www.moma.org/collection/works/80002","","","","54.0","","","80.6","",""
"8076","Hohlehner - Plastiken und Zeichnungen","[5228]","1963","Poster","46 3/4 x 33"" (118.7 x 83.8 cm)","Gift of the artist","763.1963","Design","Architecture & Design","1963-12-10","N","","","","","118.7","","","83.8","",""
"192829","Roi Escudero at Galeria Nordiska, Buenos Aires","[2164]","1967","Lithograph","21 1/2 x 15 3/4"" (54.6 x 40 cm)","Anonymous gift","793.2015","Design","Architecture & Design","2015-06-04","Y","http://www.moma.org/collection/works/192829","","0.0","","54.61010922","","","40.00508001","",""
"172384","SEI ACQUAFORTI ORIGINALI","[5972]","-1959","Portfolio of 6 color etchings and a table of contents with miniatures of the etchings","","Abby Aldrich Rockefeller Fund","43.1965.5","Print","Drawings & Prints","1965-01-12","N","","","","","","","","","",""
"103136","Untitled (magazine insert for Periódico Arteria)","[26617]","2006","Offset lithograph","composition: 6 15/16 x 9 9/16"" (17.6 x 24.3 cm); page: 16 7/8 x 10 7/8"" (42.8 x 27.6 cm)","Gift of the artist","478.2006","Print","Drawings & Prints","2006-06-01","Y","http://www.moma.org/collection/works/103136","","","","17.6","","","24.3","",""
"168007","Unité d'Habitation, Marseille, France (View of roof terrace)","[4496, 3426]","2011","Digital color coupler laser prints","36 1/2 x 72"" (92.7 x 182.9 cm)","Gift of Elise Jaffe + Jeffrey Brown","687.2013","Architecture","Architecture & Design","2013-06-03","Y","http://www.moma.org/collection/works/168007","","","","115.5702311","","","208.5979172","",""
"206072","Inserts, an advertising supplement produced for New York Times","[7682, 7119, 2714, 3266, 7177, 2233, 5564, 67113, 2429, 4741, 7928]","1988","Booklet, offset printed","page (each): 10 7/8 × 8 1/8"" (27.7 × 20.7 cm); overall (closed): 10 7/8 × 8 5/16 × 1/16"" (27.7 × 21.1 × 0.1 cm)","Anonymous gift","600.2016.19","Ephemera","Drawings & Prints","2016-06-08","Y","http://www.moma.org/collection/works/206072","","","","27.7","","","20.7","",""
"8823","Olivetti Lexikon","[4629]","1954","Lithograph","27 3/4 x 19 1/2"" (70.5 x 49.5 cm)","Gift of the designer","1526.2","Design","Architecture & Design","2000-12-11","Y","http://www.moma.org/collection/works/8823","","","","70.5","","","49.5","",""
"52479","ALLEGHENY COUNTY, PITTSBURGH, PENNSYLVANIA","[4496]","1975-76","Gelatin silver print","10 1/2 × 13 1/4"" (26.7 × 33.6 cm)","Gift of Joseph E. Seagram & Sons, Inc., Seagram County Court House Archives","394.1983","Photograph","Photography","1983-03-24","N","","","","","26.7","","","33.6","",""
"5839","Olivetti","[4629]","1949","Offset lithograph","37 3/8 x 26 1/4"" (95.5 x 66.5 cm)","Gift of the designer","249.1987","Design","Architecture & Design","1987-05-27","Y","http://www.moma.org/collection/works/5839","","","","95.5","","","66.5","",""
"51764","Granite Canyon Embankment in Foreground","[5091]","1867","Albumen silver print from a wet-collodion glass negative","8 3/4 × 11 3/4"" (22.2 × 29.8 cm)","Gift of Union Pacific Railroad Company","362.1938","Photograph","Photography","1938-10-20","Y","http://www.moma.org/collection/works/51764","","","","22.2","","","29.8","",""
"5209","Olivetti Elettrosumma 22","[4629]","1962","Photolithograph","19 1/4 x 27 1/2"" (48.9 x 69.9 cm)","Gift of the artist","141.1963","Design","Architecture & Design","1963-03-13","Y","http://www.moma.org/collection/works/5209","","","","48.9","","","69.9","",""
"112527","Fjord Foot Stool","[29640]","2002","Polyurethane foam, leather and felt","13 3/4 x 31 1/2 x 23 5/8"" (35 x 80 x 60 cm)","Gift of the manufacturer","186.2006.2","Design","Architecture & Design","2006-02-09","Y","http://www.moma.org/collection/works/112527","","60.0","","35.0","","","80.0","",""
"292741","'Wybert' trailer","[39447]","1930s","Painted wood, rubber, and metal","7 1/4 × 9 1/2 × 6"" (18.4 × 24.1 × 15.2 cm)","Gift of the George R. Kravis II Collection","1299.2018","Design","Architecture & Design","2018-10-15","N","","","15.24003048","","18.41503683","","","24.13004826","",""
"99342","Popular Print","[26617]","1983","Photolithograph","Sheet: 11 7/16 x 14"" (29 x 35.5 cm)","Gift of the artist","522.2005","Print","Drawings & Prints","2005-06-02","Y","http://www.moma.org/collection/works/99342","","","","29.0","","","35.5","",""
"99341","Popular Print ""Le Baiser Matinal""","[26617]","1997","Two photostatic prints","Sheet: 9 5/8 x 13 3/16"" (24.5 x 33.5 cm)","Gift of the artist","526.2005.1-2","Print","Drawings & Prints","2005-06-02","Y","http://www.moma.org/collection/works/99341","","","","24.5","","","33.5","",""
"48304","Mosque","[5269]","c. 1850","Albumen silver print","7 3/4 × 9 3/8"" (19.7 × 23.8 cm)","Purchase","199.1972","Photograph","Photography","1972-05-02","N","","","","","19.7","","","23.8","",""
"80070","Standing Man with Stick","[4400]","1959","Oil on canvas","69 1/4 x 60 5/8"" (175.9 x 154 cm)","Gift of Joseph H. Hirshhorn","609.1959","Painting","Painting & Sculpture","1959-04-22","Y","http://www.moma.org/collection/works/80070","","","","175.8953518","","","153.987808","",""
"51839","UNTITLED (Two Men Sitting, Two Standing, One With Drink In Hand)","[2973]","n.d.","Gelatin silver print","5 3/4 × 8 3/4"" (14.7 × 22.3 cm)","Gift of the artist","365.1974","Photograph","Photography","1974-06-04","N","","","","","14.7","","","22.3","",""
"16535","Plate (folio 12) from JEUX DE TRAMES","[5625]","1962","","irreg. composition  12 11/16 x 9 3/4"" (32.3 x 24.7 cm)","Gift of The Contemporaries, Inc.","387.1962.4","Illustrated Book","Drawings & Prints","1962-12-11","N","","","","","32.3","","","24.7","",""
"292740","Chalkboard","[39447]","1920s","Painted wood","24 × 24 1/4 × 10 5/8"" (61 × 61.6 × 27 cm)","Gift of the George R. Kravis II Collection","1298.2018","Design","Architecture & Design","2018-10-15","N","","","26.98755398","","60.96012192","","","61.59512319","",""
"110517","Popular Print for the exhibition ""Dreams About Marcel Duchamp"" (Grabado popular impreso para la exhibición ""Sueños con Marcel Duchamp"")","[26617]","1980","Offset lithograph with pencil additions","composition: 7 5/8 x 10 3/16"" (19.4 x 25.8 cm); sheet: 8 3/8 x 10 7/8"" (21.2 x 27.7 cm)","Gift of the artist","519.2005.4","Print","Drawings & Prints","2005-06-02","Y","http://www.moma.org/collection/works/110517","","","","19.4","","","25.8","",""
"194448","Old Sydney textile","[48285]","c. 1947","Screenprinted silk","18 1/2 x 36"" (47 x 91.4 cm)","Anonymous gift","1097.2015","Design","Architecture & Design","2015-10-19","Y","http://www.moma.org/collection/works/194448","","0.0","","46.99009398","","","91.44018288","",""
"110531","Untitled from the Museum in Progress project Vienna Stripe","[33215]","(newspapers published February 20 and 27, 2004)","Two lithographs, offset printed","sheet (each): 17 15/16 x 11 13/16"" (45.5 x 30 cm)","Linda Barth Goldstein Fund","514.2006.392a-b","Print","Drawings & Prints","2006-06-01","N","","","","","45.5","","","30.0","",""
"51640","Hill's Farm, Near Granite Canyon","[5091]","1867","Albumen silver print","8 1/4 × 12 1/8"" (21 × 30.8 cm)","Gift of Union Pacific Railroad Company","357.1938","Photograph","Photography","1938-10-20","Y","http://www.moma.org/collection/works/51640","","","","21.0","","","30.8","",""
"51512","Valley of Bitter Creek from Coal Mine","[5091]","1867-69","Albumen silver print","9 × 11 5/8"" (22.9 × 29.5 cm)","Gift of Union Pacific Railroad Company","352.1938","Photograph","Photography","1938-10-20","Y","http://www.moma.org/collection/works/51512","","","","22.9","","","29.5","",""
"100168","""Bague"" Table Lamp","[29640, 29641]","2003","Silicon-coated metal mesh and acrylic","15 x 11 1/2 x 6 3/4"" (38.1 x 29.2 x 17.1 cm)","Gift of the manufacturer","844.2005","Design","Architecture & Design","2005-10-18","Y","http://www.moma.org/collection/works/100168","","17.145","","38.1001","","","29.2101","",""
"6341","Olivetti Lexikon 80","[4629]","c. 1950","Lithograph","27 1/2 x 19 1/2"" (69.9 x 49.5 cm)","Gift of the Olivetti Corporation","336.1953","Design","Architecture & Design","1953-04-07","Y","http://www.moma.org/collection/works/6341","","","","69.8501","","","49.5301","",""
"108896","Álvaro Barrios as Marcel Duchamp as Rrose Sélavy as L.H.O.O.Q. from Mundo","[26617, 32624]","1980-2006","Digital print with rubber stamp additions from the magazine Mundo","composition (irreg.): 8 3/4 x 6 13/16"" (22.3 x 17.3 cm); sheet: 12 5/8 x 8 9/16"" (32 x 21.7 cm)","Gift of the artist","92.2007.2","Print","Drawings & Prints","2007-03-07","N","","","","","22.3","","","17.3","",""
"60000","Untitled","[2759]","1972","Etching","plate: 7 7/16 x 7 3/8"" (18.9 x 18.7 cm); sheet: 25 1/2 x 19 1/2"" (64.7 x 49.5 cm)","Gift of Mr. and Mrs. Wolfgang Schoenborn","16.1973","Print","Drawings & Prints","1973-01-04","Y","http://www.moma.org/collection/works/60000","","","","18.9","","","18.7","",""
"80672","Jungle Scene","[3440]","c. 1936","Oil on board","23 1/2 x 30"" (59.5 x 75.9 cm)","Gift of Emil J. Arnold","1519.1968","Painting","Painting & Sculpture","1968-12-10","Y","http://www.moma.org/collection/works/80672","","","","59.5","","","75.9","",""
"3219","PH 5 Pendant Lamp","[7261]","1958","Aluminum","11 1/4 x 19 3/4"" (28.6 x 50.2cm)","Gift of the manufacturer","295.1999","Design","Architecture & Design","1999-06-30","Y","http://www.moma.org/collection/works/3219","","","50.2","28.6","","","","",""
"115872","XO Laptop from the One Laptop per Child (OLPC) project","[33149, 33195, 33372, 33196, 33371, 33373, 33374, 33197, 33200, 27724, 33198, 33199, 33201, 33202, 29036, 27802, 33203]","2005","PC/ABS plastic, rubber, and other materials","9 1/2 x 9 x 1 1/8"" (24.2 x 22.8 x 3 cm)","Lent by Yves Béhar / fuseproject","446.2008.2","Design","Architecture & Design","2008-05-22","N","","","2.857505715","","24.13004826","","","22.86004572","",""
"99335","Popular Print for the exhibition ""Dreams About Marcel Duchamp"" (Grabado popular impreso para la exhibición ""Sueños con Marcel Duchamp""), Popular Print for the exhibition \""\Dreams About Marcel Duchamp\"" (\Grabado popular impreso para la exhibición \""\Sueños con Marcel Duchamp\"")\","[26617]","1980","Six offset lithographs with pencil additions","composition (each): 7 5/8 x 10 3/16"" (19.4 x 25.8 cm); sheet (each): 8 3/8 x 10 7/8"" (21.2 x 27.7 cm)","Gift of the artist","519.2005.1-6","Print","Drawings & Prints","2005-06-02","Y","http://www.moma.org/collection/works/99335","","","","19.4","","","25.8","",""
"110514","Popular Print for the exhibition ""Dreams About Marcel Duchamp"" (Grabado popular impreso para la exhibición ""Sueños con Marcel Duchamp"")","[26617]","1980","Offset lithograph with pencil additions","composition: 7 5/8 x 10 3/16"" (19.4 x 25.8 cm); sheet: 8 3/8 x 10 7/8"" (21.2 x 27.7 cm)","Gift of the artist","519.2005.1","Print","Drawings & Prints","2005-06-02","Y","http://www.moma.org/collection/works/110514","","","","19.4","","","25.8","",""
"5451","Exposition F. Maglin, November 1-30, 1899","[3689]","1899","Poster","","Gift of Ludwig Charell","168.1956","Design","Architecture & Design","1956-03-19","N","","","","","","","","","",""
"51461","Untitled","[2973]","c. 1970","Gelatin silver print","5 3/4 × 8 3/4"" (14.6 × 22.3 cm)","David H. McAlpin Fund","349.1974","Photograph","Photography","1974-06-04","N","","","","","14.6","","","22.3","",""
"161816","Untitled from the portfolio APN (Asahi Picture News), Untitled \from the portfolio\ APN (Asahi Picture News)","[38961, 35538]","1953-54","Gelatin silver print, printed 2002","9 7/16 × 7"" (23.9 × 17.8 cm)
","Committee on Photography Fund","701.2012.6","Photograph","Photography","2012-05-09","Y","http://www.moma.org/collection/works/161816","","","","23.9","","","17.8","",""
"16533","Plate (folio 8) from JEUX DE TRAMES","[5625]","1962","","irreg. composition  12 7/8 x 9 3/4"" (32.7 x 24.7 cm)","Gift of The Contemporaries, Inc.","387.1962.2","Illustrated Book","Drawings & Prints","1962-12-11","N","","","","","32.7","","","24.7","",""
"48534","Carl and Kaitlin from the series Words--Unspoken/Pictures of my Family","[7040]","1990","Gelatin silver print","14 9/16 × 18 5/8"" (37 × 47.3 cm)","The Family of Man Fund","208.1991","Photograph","Photography","1991-06-20","Y","http://www.moma.org/collection/works/48534","","","","37.0","","","47.3","",""
"68521","VW Red","[402]","1969","Screenprint","composition and sheet: 22 7/8 x 32 1/2"" (58.1 x 82.5 cm)","Gertrud A. Mellon Fund","404.197","Print","Drawings & Prints","1970-10-22","Y","http://www.moma.org/collection/works/68521","","","","58.1","","","82.5","",""
"110516","Popular Print for the exhibition ""Dreams About Marcel Duchamp"" (Grabado popular impreso para la exhibición ""Sueños con Marcel Duchamp"")","[26617]","1980","Offset lithograph with pencil additions","composition: 7 5/8 x 10 3/16"" (19.4 x 25.8 cm); sheet: 8 3/8 x 10 7/8"" (21.2 x 27.7 cm)","Gift of the artist","519.2005.3","Print","Drawings & Prints","2005-06-02","Y","http://www.moma.org/collection/works/110516","","","","19.4","","","25.8","",""
"99334","Popular Print  ""Dreams about Marcel Duchamp""","[26617]","1978","Photolithograph","composition: 10 1/16 x 13 11/16"" (25.5 x 34.8 cm); sheet (folded): 11 3/8 x 14 1/2"" (28.9 x 36.8 cm); sheet (unfolded): 22 3/4 x 14 1/2"" (57.8 x 36.8 cm)","Gift of the artist","517.2005","Print","Drawings & Prints","2005-06-02","Y","http://www.moma.org/collection/works/99334","","","","25.5","","","34.8","",""
"31472","Pervaia vsesoiuznaia spartakiada","[24512, 24513, 24514]","1928","","Page: 8 13/16 x 11 1/4"" (22.4 x 28.5 cm)","Gift of The Judith Rothschild Foundation","1091.2001","Illustrated Book","Drawings & Prints","2001-01-24","N","","","","","22.4","","","28.5","",""
"168009","Assembly Hall, Chandigarh, India (Interior view)","[4496, 3426]","2012","Digital color coupler laser prints","45 x 72"" (114.3 x 182.9 cm)","Gift of Elise Jaffe + Jeffrey Brown","689.2013","Architecture","Architecture & Design","2013-06-03","Y","http://www.moma.org/collection/works/168009","","","","114.3002286","","","182.8803658","",""
"103755","Untitled for the Museum in Progress project Symposia: Art, Society and Media","[5564, 13020]","(newspaper published: December 23, 1994)","Lithograph, offset printed","Sheet: 18 1/2 x 12 3/8"" (47 x 31.5 cm)","Linda Barth Goldstein Fund","514.2006.59","Print","Drawings & Prints","2006-06-01","N","","","","","47.0","","","31.5","",""
"99336","Popular Print for the Exhibition ""Latin America 76"" Fundación Joan Miró, Spain","[26617]","1976","Photolithograph","sheet: 10 1/2 x 8 9/16"" (26.7 x 21.7 cm)","Gift of the artist","511.2005","Print","Drawings & Prints","2005-06-02","Y","http://www.moma.org/collection/works/99336","","","","26.7","","","21.7","",""
"51499","UNTITLED (Two Men and Parking Meter)","[2973]","n.d.","Gelatin silver print","5 3/4 × 8 3/4"" (14.7 × 22.3 cm)","Gift of the artist","351.1974","Photograph","Photography","1974-06-04","N","","","","","14.7","","","22.3","",""
"192183","Lacht El Bahhtar, Cro Magnoni Cola (Poster for a concert)","[75076]","1987","Lithograph","10 13/16 x 15 3/16"" (27.5 x 38.5 cm)","Committee on Architecture and Design Funds","945.2015","Design","Architecture & Design","2015-06-04","Y","http://www.moma.org/collection/works/192183","","","","27.5","","","38.5","",""
"69972","Por Siempre Ameba","[2164]","-1968","Offset lithograph","14 7/8 x 21"" (37.8 x 53.3 cm)","Gift of the designer","486.197","Design","Architecture & Design","1970-11-05","Y","http://www.moma.org/collection/works/69972","","0.0","","37.78257557","","","53.34010668","",""
"63853","Untitled from the portfolio SUITES, no. 8","[6976, 7846, 2678, 527, 194]","-1964","Lithograph","","Gift of Jan Krugier","181.1999.4","Print","Drawings & Prints","1999-05-20","N","","","","","","","","","",""
"192828","Las Panteras","[2164]","1966","Lithograph","13 3/4 x 23 1/4"" (34.9 x 59.1 cm)","Anonymous gift","792.2015","Design","Architecture & Design","2015-06-04","Y","http://www.moma.org/collection/works/192828","","0.0","","34.92506985","","","59.05511811","",""
"155758","XO Laptop from the One Laptop per Child (OLPC) project","[33149, 33195, 33372, 33196, 33371, 33373, 33374, 33197, 33200, 27724, 33198, 33199, 33201, 33202, 29036, 27802, 33203]","2005","PC/ABS plastic, rubber, and other materials","9 1/2 x 9 x 1 1/8"" (24.1 x 22.9 x 2.9 cm)","Gift of Pentagram Design","447.2008.2","Design","Architecture & Design","2008-05-22","N","","","2.857505715","","24.13004826","","","22.86004572","",""
"168008","Chapel de Notre-Dame-du-Haut, Ronchamp, France (Exterior view)","[4496, 3426]","2012","Digital color coupler laser prints","22 1/4 x 96"" (56.5 x 243.8 cm)","Gift of Elise Jaffe + Jeffrey Brown","688.2013","Architecture","Architecture & Design","2013-06-03","Y","http://www.moma.org/collection/works/168008","","","","80.01016002","","","269.8755398","",""
"65354","Tattoo","[5564]","1996","Screenprint","","Linda Barth Goldstein Fund","255.1997","Print","Drawings & Prints","1997-05-28","Y","http://www.moma.org/collection/works/65354","","","","","","","","",""
"73418","Fox","[1267]","1973","Lithograph","Composition: 20 7/8 x 21"" (53.1 x 53.3 cm)
Sheet: 22 15/16 x 23 1/16"" (58.2 x 58.6 cm)","Gift of Chuck Close","714.1983","Print","Drawings & Prints","1984-02-01","Y","http://www.moma.org/collection/works/73418","","","","53.1","","","53.3","",""
"13213","The Bee (Die Biene)","[6769, 5289, 6767, 2877, 402, 6770, 6768, 6766, 24409]","1965–66, published 1966","Illustrated book with six lithographs, two woodcuts, and one etching and aquatint","irreg page  23 9/16 x 16 7/8"" (59 x 42.9 cm)
Prints:  various dimensions.","Gertrud A. Mellon Fund","187.1967.1-9","Illustrated Book","Drawings & Prints","1967-04-11","N","","","","","59.0","","","42.9","",""
"51518","UNTITLED (Two Men and Broom, One Removing Something From Other's Eye)","[2973]","n.d.","Gelatin silver print","5 3/4 × 8 3/4"" (14.7 × 22.3 cm)","Gift of the artist","352.1974","Photograph","Photography","1974-06-04","N","","","","","14.7","","","22.3","",""
"298489","Accumulation with Talking Plus Water Motor","[34784, 75704]","1986","16mm film (color, sound)","11:50 min.","Acquired in part through the generosity of the Robert Rauschenberg Foundation, Sarah Arison, Jody & John Arnhold, and Agnes Gund","65.2019","Film","Media and Performance","2019-04-04","N","","","","","","","","","","710.0"
"5035","Deutsche Kunst","[2608]","1928","Silkscreen","33 1/4 x 23 1/2"" (84.5 x 59.5 cm)","Given anonymously","93.1944","Design","Architecture & Design","1944-05-02","Y","http://www.moma.org/collection/works/5035","","","","84.5","","","59.5","",""
"18427","Gorn","[23851, 23852, 23853]","1922","","Page: 10 5/8 x 7 1/16"" (27 x 18 cm)","Gift of The Judith Rothschild Foundation (Boris Kerdimun Archive)","561.2001","Illustrated Book","Drawings & Prints","2001-01-24","N","","","","","27.0","","","18.0","",""
"134494","Lufthansa","[402]","1982","Offset lithograph","composition: 17 15/16 x 26 1/8"" (45.5 x 66.4 cm); sheet: 19 3/16 x 27 1/4"" (48.8 x 69.2 cm)","Maud and Jeffrey Welles Fund","100.201","Print","Drawings & Prints","2010-03-09","Y","http://www.moma.org/collection/works/134494","","","","45.5","","","66.4","",""
"134493","Orson Welles","[402]","1971","Screenprint","composition: 29 15/16 x 23 13/16"" (76 x 60.5 cm); sheet: 29 15/16 x 23 13/16"" (76 x 60.5 cm)","Mary Ellen Oldenburg Fund","99.201","Print","Drawings & Prints","2010-03-09","Y","http://www.moma.org/collection/works/134493","","","","76.0","","","60.5","",""
"63855","Untitled from the portfolio SUITES, no. 8","[8063, 2678, 527, 7846, 194]","-1964","Lithograph","","Gift of Jan Krugier","181.1999.6","Print","Drawings & Prints","1999-05-20","N","","","","","","","","","",""
"83974","The Smoker–The Match–The Cigarette","[16790, 29160]","1911","Gelatin silver print","4 5/16 × 4 1/8"" (11 × 10.4 cm)","Thomas Walther Collection. Gift of Thomas Walther","1635.2001","Photograph","Photography","2001-12-13","Y","http://www.moma.org/collection/works/83974","","","","11.0","","","10.4","",""
"108898","Untitled from Álvaro Barrios: Apropiaciones y Grabados Populares","[26617]","2006","Loose offset print from an exhibition catalogue","composition: 8 1/4 x 16"" (21 x 40.6 cm); sheet: 11 x 16 9/16"" (27.9 x 42 cm)","Gift of the artist","93.2007.2","Print","Drawings & Prints","2007-03-07","N","","","","","21.0","","","40.6","",""
"161815","Untitled from the portfolio APN (Asahi Picture News), Untitled \from the portfolio\ APN (Asahi Picture News)","[38961, 35538]","1953-54","Gelatin silver print, printed 2002","4 9/16 × 7 1/2"" (11.6 × 19 cm)
","Committee on Photography Fund","701.2012.5","Photograph","Photography","2012-05-09","Y","http://www.moma.org/collection/works/161815","","","","11.6","","","19.0","",""
"169014","Villa Savoye, Poissy-sur-Seine, France (Exterior view)","[4496, 3426]","2012","Digital color coupler laser prints","","Gift of Elise Jaffe + Jeffrey Brown","690.2013","Architecture","Architecture & Design","2013-06-03","Y","http://www.moma.org/collection/works/169014","","","","","","","","",""
"8910","Enlist Today","[22769]","c. 1917","Lithograph","40 x 27"" (101.6 x 68.6cm)","Gift of Abby Aldrich Rockefeller","1591.194","Design","Architecture & Design","1940-04-05","Y","http://www.moma.org/collection/works/8910","","","","101.6","","","68.6","",""
"51744","Echo City, From North","[5091]","1860-69","Albumen silver print","8 3/4 × 12 3/8"" (22.2 × 31.4 cm)","Gift of Union Pacific Railroad Company","361.1938","Photograph","Photography","1938-10-20","Y","http://www.moma.org/collection/works/51744","","","","22.2","","","31.4","",""
"149511","Popular Print","[26617]","1978","Three photolithographs","Sheet: 22 13/16 x 29 1/8"" (58 x 74 cm)","Gift of the artist","518.2005.1","Print","Drawings & Prints","2005-06-02","N","","","","","58.0","","","74.0","",""
"68136","Orph from Documenta: The Super Realists","[1267]","1972","One from a portfolio of ten lithographs","composition: 20 3/16 x 30 1/16"" (51.3 x 76.3 cm); sheet: 24 1/16 x 34 1/16"" (61.1 x 86.5 cm)","Gift of Dr. Samuel Mandel","381.1975.2","Print","Drawings & Prints","1976-01-08","Y","http://www.moma.org/collection/works/68136","","","","51.3","","","76.3","",""
"155757","XO Laptop from the One Laptop per Child (OLPC) project","[33149, 33195, 33372, 33196, 33371, 33373, 33374, 33197, 33200, 27724, 33198, 33199, 33201, 33202, 29036, 27802, 33203]","2005","PC/ABS plastic, rubber, and other materials","9 1/2 x 9 x 1 1/8"" (24.1 x 22.9 x 2.9 cm)","Gift of Pentagram Design","447.2008.1","Design","Architecture & Design","2008-05-22","Y","http://www.moma.org/collection/works/155757","","2.857505715","","24.13004826","","","22.86004572","",""
"172386","SEI ACQUAFORTI ORIGINALI","[5972]","-1959","Portfolio of 6 color etchings and a table of contents with miniatures of the etchings","","Abby Aldrich Rockefeller Fund","43.1965.7","Print","Drawings & Prints","1965-01-12","N","","","","","","","","","",""
"51549","Echo City, Looking up Webster Valley","[5091]","1868","Albumen silver print","9 × 12 1/4"" (22.9 × 31.1 cm)","Gift of Union Pacific Railroad Company","354.1938","Photograph","Photography","1938-10-20","Y","http://www.moma.org/collection/works/51549","","","","22.9","","","31.1","",""
"292961","Kitchen Sink","[75099]","1989","35mm film (color, sound)","","Gift of the Artist","820529","Film","Film","2018-10-16","N","","","","","","","","","",""
"51621","Hanging Rock, Echo City","[5091]","1868","Albumen silver print","8 3/4 × 11 5/8"" (22.2 × 29.5 cm)","Gift of Union Pacific Railroad Company","356.1938","Photograph","Photography","1938-10-20","Y","http://www.moma.org/collection/works/51621","","","","22.2","","","29.5","",""
"161819","Untitled from the portfolio APN (Asahi Picture News), Untitled \from the portfolio\ APN (Asahi Picture News)","[38961, 35538]","1953-54","Gelatin silver print, printed 2002","6 5/16 × 4 5/16"" (16 × 11 cm)
","Committee on Photography Fund","701.2012.9","Photograph","Photography","2012-05-09","Y","http://www.moma.org/collection/works/161819","","","","16.0","","","11.0","",""
"218937","Rome. Arch of Septimius Severus and Capitoline Lion","[67872]","1842","Daguerreotype (whole plate)","9 7/16 × 7 1/2"" (24 × 19.1 cm)","Acquired through the generosity of Robert B. Menschel","434.2017","Photograph","Photography","2017-05-18","Y","http://www.moma.org/collection/works/218937","","0.0","","23.97129794","","","19.0500381","",""
"149512","Popular Print","[26617]","1978","Three photolithographs","Sheet: 22 13/16 x 29 1/8"" (58 x 74 cm)","Gift of the artist","518.2005.2","Print","Drawings & Prints","2005-06-02","N","","","","","58.0","","","74.0","",""
"161813","Untitled from the portfolio APN (Asahi Picture News)","[38961, 35538]","1953-54","Gelatin silver print, printed 2002","9 9/16 × 6 7/16"" (24.3 × 16.3 cm)
","Committee on Photography Fund","701.2012.3","Photograph","Photography","2012-05-09","Y","http://www.moma.org/collection/works/161813","","","","24.3","","","16.3","",""
"172380","SEI ACQUAFORTI ORIGINALI","[5972]","-1959","Portfolio of 6 color etchings and a table of contents with miniatures of the etchings","","Abby Aldrich Rockefeller Fund","43.1965.1","Print","Drawings & Prints","1965-01-12","N","","","","","","","","","",""
"51440","UNTITLED (Butcher Behind Counter)","[2973]","n.d.","Gelatin silver print","5 3/4 × 8 3/4"" (14.7 × 22.3 cm)","John Parkinson III Fund","348.1974","Photograph","Photography","1974-06-04","N","","","","","14.7","","","22.3","",""
"110521","Popular Print for the 9th Biennial of Tokyo, published in Diario del Caribe, October 3, 1974 (Grabado popular impreso para la IX Bienal de Grabados de Tokyo, publicado en Diario del Caribe, 3 de octubre de 1974)","[26617]","1974","Offset lithograph on newsprint","composition: 19 7/8 x 13 1/4"" (50.5 x 33.7 cm); sheet (unfolded): 22 11/16 x 29"" (57.7 x 73.6 cm)","Gift of the artist","509.2005.2","Print","Drawings & Prints","2005-06-02","N","","","","","50.5","","","33.7","",""
"51808","Lime Kiln Cut, Near Granite Canyon","[5091]","1867","Albumen silver print","9 × 11 3/4"" (22.9 × 29.8 cm)","Gift of Union Pacific Railroad Company","364.1938","Photograph","Photography","1938-10-20","Y","http://www.moma.org/collection/works/51808","","","","22.9","","","29.8","",""
"76452","Variation on a Head IV","[4400]","1964","Lithograph","composition (irreg.): 19 3/16 x 20 5/16"" (48.7 x 51.6cm); sheet: 25 1/16 x 22 3/16"" (63.7 x 56.3cm)","Gift of Kleiner, Bell & Co.","1350.1967","Print","Drawings & Prints","1969-12-04","Y","http://www.moma.org/collection/works/76452","","","","48.7","","","51.6","",""
"51403","UNTITLED (Sign Painters)","[2973]","n.d.","Gelatin silver print","5 3/4 × 8 3/4"" (14.6 × 22.3 cm)","John Parkinson III Fund","347.1974","Photograph","Photography","1974-06-04","N","","","","","14.6","","","22.3","",""
"8070","Museum des 20. Jahrhunderts","[5228]","c. 1963","Photolithograph","33 x 23 1/4"" (83.8 x 59.0 cm)","Gift of the artist","761.1963","Design","Architecture & Design","1963-12-10","Y","http://www.moma.org/collection/works/8070","","","","83.8","","","59.0","",""
"99350","Popular Print","[26617]","1978","Three photolithographs","Sheet: 22 13/16 x 29 1/8"" (58 x 74 cm)","Gift of the artist","518.2005.1-3","Print","Drawings & Prints","2005-06-02","Y","http://www.moma.org/collection/works/99350","","","","58.0","","","74.0","",""
"7436","Olivetti Summa Prima 20","[4629]","c. 1957","Offset lithograph","27 1/2 x  19 5/8"" ( x 69.8 x  49.8 cm)","Acquired by exchange","533.199","Design","Architecture & Design","1990-10-24","Y","http://www.moma.org/collection/works/7436","","","","69.8","","","49.8","",""
"76448","Variation on a Head III","[4400]","1964","Lithograph with watercolor additions","composition (irreg.): 19 3/16 x 20 3/8"" (48.7 x 51.8cm); sheet: 25 x 22 5/16"" (63.5 x 56.7cm)","Gift of Kleiner, Bell & Co.","1349.1967","Print","Drawings & Prints","1969-12-04","Y","http://www.moma.org/collection/works/76448","","","","48.7","","","51.8","",""
"60790","SEI ACQUAFORTI ORIGINALI","[5972]","-1959","Portfolio of 6 color etchings and a table of contents with miniatures of the etchings","","Abby Aldrich Rockefeller Fund","43.1965.1-7","Print","Drawings & Prints","1965-01-12","N","","","","","","","","","",""
"103756","Timeless from the Museum in Progress project With an Open Mind - Tolerance and Diversity","[5564]","(newspapers published September 11 and 17, 2002)","Two lithographs, offset printed","sheet (.a): 18 1/2 x 12 3/8"" (47 x 31.5 cm); sheet (.b): 22 7/16 x 15 3/4"" (57 x 40 cm)","Linda Barth Goldstein Fund","514.2006.363a-b","Print","Drawings & Prints","2006-06-01","N","","","","","47.0","","","31.5","",""
"99346","Popular Print for the Third American Biennial of Graphic Arts in Cali, published in Bandera de El Pueblo, May 6, 1976 (Grabado popular impreso para la III Bienal Americana de Artes Gráficas de Cali, publicado en El Pueblo, 6 de mayo de 1976)","[26617]","1976","Offset lithograph on newsprint","sheet (folded): 22 13/16 x 14 5/16"" (58 x 36.3 cm); sheet (unfolded): 22 13/16 x 30 3/16"" (58 x 76.6 cm)","Gift of the artist","513.2005","Print","Drawings & Prints","2005-06-02","Y","http://www.moma.org/collection/works/99346","","","","58.0","","","36.3","",""
"149514","Popular Print ""Le Baiser Matinal""","[26617]","1997","Two photostatic prints","Sheet: 9 5/8 x 13 3/16"" (24.5 x 33.5 cm)","Gift of the artist","526.2005.1","Print","Drawings & Prints","2005-06-02","N","","","","","24.5","","","33.5","",""
"192663","Does Discriminate, First Black Women to Picket Chain for Jobs, Brooklyn, New York","[48043]","c. 1940","Gelatin silver print","18 1/4 × 24"" (46.4 × 61 cm)","Acquired through the generosity of Thomas and Susan Dunn","473.2015","Photograph","Photography","2015-05-28","Y","http://www.moma.org/collection/works/192663","","","","46.35509271","","","60.96012192","",""
"8824","Olivetti Lettera 22","[4629]","c. 1953","Lithograph","27 1/2 x 19 3/4"" (69.9 x 50.2 cm)","Gift of the designer","1527.2","Design","Architecture & Design","2000-12-11","Y","http://www.moma.org/collection/works/8824","","","","69.9","","","50.2","",""
"161820","Untitled from the portfolio APN (Asahi Picture News)","[38961, 35538]","1953-54","Gelatin silver print, printed 2002","8 3/4 × 7 5/8"" (22.3 × 19.4 cm)
","Committee on Photography Fund","701.2012.10","Photograph","Photography","2012-05-09","Y","http://www.moma.org/collection/works/161820","","","","22.3","","","19.4","",""
"76436","WHITE FACED OWL I","[4400]","(May 8-27) 1964","Lithograph, printed in color","composition  25 1/4 x 22 3/8"" (64.2 x 56.8 cm)
sheet  25 1/4 x 22 3/8"" (64.2 x 56.8 cm)","Gift of Kleiner, Bell & Co.","1346.1967","Print","Drawings & Prints","1969-12-04","N","","","","","64.2","","","56.8","",""
"8073","Lehmbruck, Sculpturen und Gemalde","[5228]","1963","Photolithograph","46 1/4 x 33 1/4"" (117.5 x 84.4 cm)","Gift of the artist","762.1963","Design","Architecture & Design","1963-12-10","Y","http://www.moma.org/collection/works/8073","","","","117.5","","","84.4","",""
"172381","SEI ACQUAFORTI ORIGINALI","[5972]","-1959","Portfolio of 6 color etchings and a table of contents with miniatures of the etchings","","Abby Aldrich Rockefeller Fund","43.1965.2","Print","Drawings & Prints","1965-01-12","N","","","","","","","","","",""
"64250","To the Revolution XI","[5564]","1981","Handprinting with pencil additions","composition: 18 13/16"" x 8' 3/4"" (47.8 x 245.8 cm); sheet: 20 1/4"" x 9' 2 3/8"" (51.4 x 280.4 cm)","John B. Turner Fund","198.1984","Print","Drawings & Prints","1984-05-23","Y","http://www.moma.org/collection/works/64250","","","","47.8","","","245.8","",""
"192830","King-Kong en Argentina","[2164]","1968","Lithograph","15 1/2 x 19 5/8"" (39.4 x 49.8 cm)","Anonymous gift","795.2015","Design","Architecture & Design","2015-06-04","Y","http://www.moma.org/collection/works/192830","","0.0","","39.37007874","","","49.8475997","",""
"79371","1951-T No. 3","[5665]","1951","Oil on canvas","7' 10"" x 6' 10"" (238.8 x 208.3 cm)","Blanchette Hooker Rockefeller Fund","277.1954","Painting","Painting & Sculpture","1954-09-30","Y","http://www.moma.org/collection/works/79371","","","","238.8","","","208.3","",""
"76428","WHITE LADY","[4400]","(May 4-15) 1964","Lithograph, printed in black","composition  29 3/4 x 22 3/16"" (75.6 x 56.4 cm)
sheet  29 3/4 x 22 3/16"" (75.6 x 56.4 cm)","Gift of Kleiner, Bell & Co.","1344.1967","Print","Drawings & Prints","1969-12-04","N","","","","","75.6","","","56.4","",""
"115871","XO Laptop from the One Laptop per Child (OLPC) project","[33149, 33195, 33372, 33196, 33371, 33373, 33374, 33197, 33200, 27724, 33198, 33199, 33201, 33202, 29036, 27802, 33203]","2005","PC/ABS plastic, rubber, and other materials","9 1/2 x 9 x 1 1/8"" (24.2 x 22.8 x 3 cm)","Gift of Yves Béhar/ fuseproject","446.2008.1","Design","Architecture & Design","2008-05-22","N","","","2.857505715","","24.13004826","","","22.86004572","",""
"172382","SEI ACQUAFORTI ORIGINALI","[5972]","-1959","Portfolio of 6 color etchings and a table of contents with miniatures of the etchings","","Abby Aldrich Rockefeller Fund","43.1965.3","Print","Drawings & Prints","1965-01-12","N","","","","","","","","","",""
"99352","Popular Print for the 9th Biennial of Tokyo, published in Diario del Caribe, October 3, 1974 (Grabado popular impreso para la IX Bienal de Grabados de Tokyo, publicado en Diario del Caribe, 3 de octubre de 1974)","[26617]","1974","Three offset lithographs on newsprint","composition (see child records): dimensions vary; sheet (each, unfolded): 22 11/16 x 29"" (57.7 x 73.6 cm)","Gift of the artist","509.2005.1-3","Print","Drawings & Prints","2005-06-02","Y","http://www.moma.org/collection/works/99352","","","","0.0","","","0.0","",""
"76444","Variation on a Head II","[4400]","1964","Lithograph","composition (irreg.): 19 1/8 x 20 1/4"" (48.5 x 51.4cm); sheet: 24 15/16 x 21 15/16"" (63.4 x 55.8cm)","Gift of Kleiner, Bell & Co.","1348.1967","Print","Drawings & Prints","1969-12-04","Y","http://www.moma.org/collection/works/76444","","","","48.5","","","51.4","",""
"76234","HEAD AND BLUE","[4400]","(November 14-December 17) 1963","Lithograph, printed in color","irreg composition  28 5/16 x 22 3/16"" (71.9 x 56.3 cm)
sheet  28 9/16 x 22 3/16"" (72.6 x 56.3 cm)","Gift of Kleiner, Bell & Co.","1271.1967","Print","Drawings & Prints","1969-12-04","N","","","","","71.9","","","56.3","",""
"105600","Airborne from Exit 8","[5564]","1998","Screenprint with collage additions from a portfolio of seven screenprints (two with collage additions, two with water color additions), one lithograph, and screenprinted cover","composition (irreg.): 26 5/16 x 20 13/16"" (66.9 x 52.9 cm); sheet: 29 3/4 x 22 1/16"" (75.5 x 56 cm)","Gift of Lee and Ann Fensterstock","136.2007.8","Print","Drawings & Prints","2007-03-07","Y","http://www.moma.org/collection/works/105600","","","","66.9","","","52.9","",""
"51785","Rock Great Eastern No. 2 & Pulpit Rock","[5091]","1868","Albumen silver print","9 × 12 1/4"" (22.9 × 31.1 cm)","Gift of Union Pacific Railroad Company","363.1938","Photograph","Photography","1938-10-20","Y","http://www.moma.org/collection/works/51785","","","","22.9","","","31.1","",""
"200190","Radio Tower, Moscow, Russia","[4496, 32586]","1998","Inkjet print","61 × 48"" (154.9 × 121.9 cm)","Gift of Elise Jaffe + Jeffrey Brown","120.2016","Architecture","Architecture & Design","2016-02-22","Y","http://www.moma.org/collection/works/200190","","","","154.9403099","","","121.9202438","",""
"172383","SEI ACQUAFORTI ORIGINALI","[5972]","-1959","Portfolio of 6 color etchings and a table of contents with miniatures of the etchings","","Abby Aldrich Rockefeller Fund","43.1965.4","Print","Drawings & Prints","1965-01-12","N","","","","","","","","","",""
"2172","E-Type Roadster","[7515, 7516, 8713]","designed 1961 (this example 1963)","Steel unibody construction with fabric top","48 x 66 x 176"" (121.9 x 167.6 x 447 cm)","Gift of Jaguar Cars","113.1996","Design","Architecture & Design","1996-04-09","Y","http://www.moma.org/collection/works/2172","","447.0409","","121.9202","","","167.6403","",""
"120281","Ooi and Environs","[35538]","1977","Video (color, sound)","1:30 min.","Gift of the artist","1300.1979","Video","Media and Performance","1979-12-31","Y","http://www.moma.org/collection/works/120281","","","","","","","","","90.0"
"16530","JEUX DE TRAMES","[5625]","-1962","11 collagraphs: 10 relief and intaglio printed in color and 1 printed without ink (wrapper); 10 line block reproductions of ""trame"" diagrams; and 1 die-cut ornament repeated 6 times","page  17 15/16 x 14 11/16"" (45 x 37.3 cm)
Prints:  various dimensions.","Gift of The Contemporaries, Inc.","387.1962.1-11","Illustrated Book","Drawings & Prints","1962-12-11","N","","","","","45.0","","","37.3","",""
"110367","XO Laptop from the One Laptop per Child (OLPC) project","[33149, 33195, 33372, 33196, 33371, 33373, 33374, 33197, 33200, 27724, 33198, 33199, 33201, 33202, 29036, 27802, 33203]","2005","PC/ABS plastic, rubber, and other materials",".1: 9 1/2 x 9 x 1 1/8"" (24.1 x 22.9 cm, 1 1/8"")
.2: 9 1/2 x 9 x 1 1/8"" (24.1 x 22.9 x 2.9 cm)","Gift of Yves Béhar/ fuseproject","446.2008.1-2","Design","Architecture & Design","2008-05-22","Y","http://www.moma.org/collection/works/110367","","1.125","","24.13004826","","","22.86004572","",""
"110518","Popular Print for the exhibition ""Dreams About Marcel Duchamp"" (Grabado popular impreso para la exhibición ""Sueños con Marcel Duchamp"")","[26617]","1980","Offset lithograph with pencil additions","composition: 7 5/8 x 10 3/16"" (19.4 x 25.8 cm); sheet: 8 3/8 x 10 7/8"" (21.2 x 27.7 cm)","Gift of the artist","519.2005.5","Print","Drawings & Prints","2005-06-02","Y","http://www.moma.org/collection/works/110518","","","","19.4","","","25.8","",""
"52463","CHARLES CITY COUNTY, CHARLES CITY, VIRGINIA","[4496]","1975-76","Gelatin silver print","7 1/2 × 9 7/16"" (19.1 × 23.9 cm)","Gift of Joseph E. Seagram & Sons, Inc., Seagram County Court House Archives","393.1983","Photograph","Photography","1983-03-24","N","","","","","19.1","","","23.9","",""
"161812","Untitled from the portfolio APN (Asahi Picture News)","[38961, 35538]","1953-54","Gelatin silver print, printed 2002","7 5/16 × 4 15/16"" (18.6 × 12.5 cm)
","Committee on Photography Fund","701.2012.2","Photograph","Photography","2012-05-09","Y","http://www.moma.org/collection/works/161812","","","","18.6","","","12.5","",""
"51537","UNTITLED (Man and Child In Car)","[2973]","n.d.","Gelatin silver print","5 3/4 × 8 3/4"" (14.7 × 22.3 cm)","Gift of the artist","353.1974","Photograph","Photography","1974-06-04","N","","","","","14.7","","","22.3","",""
"99332","Popular Print for the First International Art Biennial of Buenos Aires","[26617]","2000","Twenty photolithographs","","Gift of the artist","527.2005.1-20","Print","Drawings & Prints","2005-06-02","Y","http://www.moma.org/collection/works/99332","","","","","","","","",""
"99347","Popular Print ""Arrival of the Arensberg Collection in Venice""","[26617]","1981","Photolithograph","Sheet: 22 13/16 x 28 3/4"" (58 x 73 cm)","Gift of the artist","521.2005","Print","Drawings & Prints","2005-06-02","Y","http://www.moma.org/collection/works/99347","","","","58.0","","","73.0","",""
"51876","Source of the Laramie River","[5091]","1860-69","Albumen silver print","9 × 12 3/8"" (22.9 × 31.4 cm)","Gift of Union Pacific Railroad Company","367.1938","Photograph","Photography","1938-10-20","Y","http://www.moma.org/collection/works/51876","","","","22.9","","","31.4","",""
"24959","L'AVANGUARDIA INTERNAZIONALE, Volume 4/L'AVANT-GARDE INTERNATIONALE, Volume 4/THE INTERNATIONAL AVANT-GARDE, Volume 4","[838, 915, 960, 1563, 1578, 1859, 2000, 2177, 2766, 3740, 4302, 4340, 4560, 4677, 5193, 5735, 5823, 5972, 6135, 6541, 24409]","1962.  (Prints executed 1960-1962).","15 etchings (some with soft ground etching, aquatint, and/or drypoint), 2 soft ground etchings (1 with aquatint), 1 drypoint, and 1 collotype, printed in black; and 1 linoleum cut, printed in color","page  11 13/16 x 9 7/16"" (30 x 24 cm)
Prints:  various dimensions.","Gift of Peter H. Deitsch","803.1963.1-20","Illustrated Book","Drawings & Prints","1964-01-07","N","","","","","30.0","","","24.0","",""
"99345","Popular Print for the Exhibition ""Obra Grafica de Álvaro Barrios""","[26617]","1987","Photolithograph","Sheet: 14 1/16 x 22 11/16"" (35.7 x 57.7 cm)","Gift of the artist","525.2005","Print","Drawings & Prints","2005-06-02","Y","http://www.moma.org/collection/works/99345","","","","35.7","","","57.7","",""
"67497","Dr. Barnard","[7846]","1969","Screenprint","composition: 31 1/4 x 23 7/16"" (79.4 x 59.5cm); sheet: 31 1/8 x 23 9/16"" (79 x 59.8cm)","Frances Keech Fund","351.1998","Print","Drawings & Prints","1998-05-14","Y","http://www.moma.org/collection/works/67497","","","","79.4","","","59.5","",""
"16539","Plate (folio 20 verso) from JEUX DE TRAMES","[5625]","1962","","irreg. composition  9 13/16 x 9 9/16"" (25 x 24.3 cm)","Gift of The Contemporaries, Inc.","387.1962.8","Illustrated Book","Drawings & Prints","1962-12-11","N","","","","","25.0","","","24.3","",""
"134495","Window (Fenster)","[402]","1969","Offset lithograph","composition (irreg.): 20 3/16 x 13 7/16"" (51.3 x 34.2 cm); sheet: 23 9/16 x 16 7/16"" (59.8 x 41.8 cm)","Gift of the artist","96.201","Print","Drawings & Prints","2010-03-09","Y","http://www.moma.org/collection/works/134495","","","","51.3","","","34.2","",""
"24968","Plate 18 from L'AVANGUARDIA INTERNAZIONALE, Volume 4/L'AVANT-GARDE INTERNATIONALE, Volume 4/THE INTERNATIONAL AVANT-GARDE, Volume 4","[5972]","1962","Etching, printed in black","plate  5 13/16 x 4 1/2"" (14.8 x 11.4 cm)","Gift of Peter H. Deitsch","803.1963.18","Illustrated Book","Drawings & Prints","1964-01-07","N","","","","","14.8","","","11.4","",""
"169643","El analfabetismo ciega el espíritu - Soldado, instrúyete","[43512]","1936-1937","Lithograph","35 x 24 3/4"" (88.9 x 62.9 cm)","Gift of William P. Mangold","167.1995","Design","Architecture & Design","1995-05-09","Y","http://www.moma.org/collection/works/169643","","","","88.9001778","","","62.86512573","",""
"168081","Voice","[35538]","1963","Iron and sack cloth","37 5/8 x 18 1/2 x 13 3/16"" (95.5 x 47 x 33.5 cm)","Gift of Marie-Josée and Henry R. Kravis","555.2013","Sculpture","Painting & Sculpture","2013-05-20","Y","http://www.moma.org/collection/works/168081","","33.5","","95.5","","","47.0","",""
"80596","Mussel Gatherers at High Tide","[3487]","1937","Oil on canvas","21 1/4 x 31 7/8"" (54 x 81 cm)","James Thrall Soby Bequest","1228.1979","Painting","Painting & Sculpture","1979-12-11","Y","http://www.moma.org/collection/works/80596","","","","54.0","","","81.0","",""
"37539","Notes in Time","[5564]","1979","Cut-and-pasted painted paper, gouache, and pencil on joined sheets of paper","Overall: 20"" x 210' (50.8 x 6400.8 cm)
","Gift of Harriet and Rick Meyer","602.1998.a-x","Drawing","Drawings & Prints","1998-10-29","Y","http://www.moma.org/collection/works/37539","","","","50.8001","","","6400.8","",""
"103469","Untitled from the Museum in Progress project With an Open Mind - Tolerance and Diversity","[402, 31079]","(newspapers published February 25 and 26, 2002)","Two lithographs, offset printed","sheet (.a): 18 1/2 x 12 3/8"" (47 x 31.5 cm); sheet (.b): 22 7/16 x 15 3/4"" (57 x 40 cm)","Linda Barth Goldstein Fund","514.2006.357a-b","Print","Drawings & Prints","2006-06-01","N","","","","","47.0","","","31.5","",""
"16532","Wrapper from JEUX DE TRAMES","[5625]","1962","Collagraph, printed without ink","irreg. composition  17 11/16 x 30"" (45 x 76.3 cm)","Gift of The Contemporaries, Inc.","387.1962.11","Illustrated Book","Drawings & Prints","1962-12-11","N","","","","","45.0","","","76.3","",""
"192826","Poster for Renee Cuellar exhibition","[2164]","1963","Lithograph","22 1/2 x 15 1/8"" (57.2 x 38.4 cm)","Anonymous gift","790.2015","Design","Architecture & Design","2015-06-04","Y","http://www.moma.org/collection/works/192826","","0.0","","57.1501143","","","38.41757684","",""
"108895","Mundo","[26617]","39002","Magazine with one loose digital print with rubber stamp additions","overall: 12 5/8 x 9 1/8"" (32 x 23.1 cm)","Gift of the artist","92.2007.1","Illustrated Book","Drawings & Prints","2007-03-07","N","","","","","32.0","","","23.1","",""
"16531","Plate (folio 23) from JEUX DE TRAMES","[5625]","1962","","irreg. dia. composition  10 1/16"" (25.6 cm)","Gift of The Contemporaries, Inc.","387.1962.10","Illustrated Book","Drawings & Prints","1962-12-11","N","","","","","25.6","","","","",""
"134575","Maypole-War from Femfolio","[5564]","2009","Digital print with lithograph from a portfolio of nineteen digital prints (twelve with lithograph, one with pochoir, one with hand coloring, and one with gold dusting) and one lithograph","composition (irreg.): 11 7/16 x 9 1/4"" (29 x 23.5 cm); sheet: 12 1/16 x 12"" (30.6 x 30.5 cm)","","113.2010.16","Print","Drawings & Prints","2010-03-09","Y","http://www.moma.org/collection/works/134575","","","","29.0","","","23.5","",""
"54196","Sphynx of the Vallery","[5091]","1868-69","Albumen silver print","8 7/8 × 12 1/4"" (22.5 × 30.8 cm)","Acquired through the generosity of Harriette and Noel Levine","484.1984","Photograph","Photography","1984-12-05","N","","","","","22.5","","","30.8","",""
"3215","PH Artichoke Lamp","[7261]","1958","Copper and steel","28 3/8 × 33 1/4"" (72.1 × 84.5 cm)","Gift of the manufacturer","294.1999","Design","Architecture & Design","1999-06-30","Y","http://www.moma.org/collection/works/3215","","","84.5","72.1","","","","",""
"99353","Popular Print for the Exhibition at the Museum of Modern Art, Bogotá","[26617]","1977","Photolithograph","Sheet: 14 15/16 x 11 7/16"" (38 x 29 cm)","Gift of the artist","515.2005","Print","Drawings & Prints","2005-06-02","Y","http://www.moma.org/collection/works/99353","","","","38.0","","","29.0","",""
"134491","American Dream (Chrysler)","[402]","1970","Screenprint","composition: 15 3/16 x 33 11/16"" (38.5 x 85.5 cm); sheet: 15 3/8 x 33 15/16"" (39 x 86.2 cm)","Maud and Jeffrey Welles Fund","97.201","Print","Drawings & Prints","2010-03-09","Y","http://www.moma.org/collection/works/134491","","","","38.5","","","85.5","",""
"6348","Olivetti Summa 15","[4629]","c.1950","Lithograph","","Gift of Olivetti Co.","337.1953","Design","Architecture & Design","1953-04-07","Y","http://www.moma.org/collection/works/6348","","","","","","","","",""
"61309","LISA","[4400]","1957","Lithograph, printed in black","Sheet 36 1/2 x 25"" (92.6 x 63.5 cm) Comp. 32  x 23 3/4"" (81.2 x 60.2 cm)","The Ingram Merrill Foundation Fund","74.1959","Print","Drawings & Prints","1959-03-02","N","","","","","81.2","","","60.2","",""
"74531","Figure","[5665]","1944","Lithograph, with black crayon additions","composition (irreg.): 13 1/8 x 8 5/8"" (33.3 x 21.9 cm); sheet: 20 x 13"" (50.8 x 33 cm)","Gift of Dorothy C. Miller","870.1978","Print","Drawings & Prints","1979-01-23","Y","http://www.moma.org/collection/works/74531","","","","33.3","","","21.9","",""
"51531","Great Salt Lake Warm Spring, Lake in Distance","[5091]","1860-69","Albumen silver print","9 3/4 × 12 1/2"" (24.8 × 31.8 cm)","Gift of Union Pacific Railroad Company","353.1938","Photograph","Photography","1938-10-20","Y","http://www.moma.org/collection/works/51531","","","","24.8","","","31.8","",""
"168080","Voice","[35538]","1963","Iron and sack cloth","39 9/16 x 23 5/8 x 17 1/8"" (100.5 x 60 x 43.5 cm)","Gift of James Keith Brown and Eric Diefenbach","554.2013","Sculpture","Painting & Sculpture","2013-05-20","Y","http://www.moma.org/collection/works/168080","","43.5","","100.5","","","60.0","",""
"121690","Street Structure (Strassenstruktur)","[402]","1975","Pencil on paper","15 3/4 x 22 1/8"" (40 x 56 cm)","Purchased with funds provided by the International Council of The Museum of Modern Art in honor of H.R.H. Duke Franz of Bavaria, and Committee on Drawings Funds","1851.2008","Drawing","Drawings & Prints","2008-11-11","Y","http://www.moma.org/collection/works/121690","","","","40.0","","","56.0","",""
"168006","Villa Savoye, Poissy-sur-Seine, France (Exterior view)","[4496, 3426]","2012","Digital color coupler laser prints","32 3/8 x 73 1/4"" (82.2 x 186.1 cm)","Gift of Elise Jaffe + Jeffrey Brown","686.2013","Architecture","Architecture & Design","2013-06-03","Y","http://www.moma.org/collection/works/168006","","","","106.997714","","","207.010414","",""
"51602","Zion's Cooperative Mercantile Institution","[5091]","1868","Albumen silver print","8 3/4 × 11 1/2"" (22.2 × 29.2 cm)","Gift of Union Pacific Railroad Company","355.1938","Photograph","Photography","1938-10-20","Y","http://www.moma.org/collection/works/51602","","","","22.2","","","29.2","",""
"13215","Plate (folio 4) from Die Biene","[402]","1966","Lithograph from an illustrated book with six lithographs, two woodcuts, and one etching and aquatint","irreg composition  16 7/8 x 23 1/4"" (42.9 x 59.1 cm)","Gertrud A. Mellon Fund","187.1967.3","Illustrated Book","Drawings & Prints","1967-04-11","N","","","","","42.9","","","59.1","",""
"110522","Popular Print for the 9th Biennial of Tokyo, published in Diario del Caribe, October 3, 1974 (Grabado popular impreso para la IX Bienal de Grabados de Tokyo, publicado en Diario del Caribe, 3 de octubre de 1974)","[26617]","1974","Offset lithograph on newsprint","composition: 19 7/8 x 13 1/4"" (50.5 x 33.7 cm); sheet (unfolded): 22 11/16 x 29"" (57.7 x 73.6 cm)","Gift of the artist","509.2005.3","Print","Drawings & Prints","2005-06-02","N","","","","","50.5","","","33.7","",""
"64138","Fear","[3386]","-1989","Etching and aquatint","plate  23 x 23 5/8"" (58.5 x 60 cm)
sheet  32 1/4 x 31 7/16"" (82 x 79.8 cm)","Purchase","192.199","Print","Drawings & Prints","1990-05-02","Y","http://www.moma.org/collection/works/64138","","","","58.5","","","60.0","",""
"128882","The Studio, Melnikov House, Krivoarbatski House, Moscow, Russia, 1927-31, Konstantin Melnikov Architect","[4496]","1998","Pigmented inkjet prints","(a) 48 3/8 × 61"" (122.9 × 154.9 cm)
(b) 48 7/16 × 61 3/8"" (123 × 155.9 cm)
","Acquired through the generosity of Elise Jaffe and Jeffrey Brown","552.2009.a-b","Photograph","Photography","2009-05-11","N","","","","","122.8727457","","","154.9403099","",""
"51360","UNTITLED (Two Men In Argument, One In Hat and White Work Clothes)","[2973]","n.d.","Gelatin silver print","8 3/4 × 5 3/4"" (22.2 × 14.6 cm)","John Parkinson III Fund","345.1974","Photograph","Photography","1974-06-04","N","","","","","22.2","","","14.6","",""
"76230","Red Chief","[4400]","1963","Lithograph","composition (slightly irreg.): 16 1/4 x 12 1/16"" (41.2 x 30.6cm); sheet: 18 3/8 x 14"" (46.6 x 35.6cm)","Gift of Kleiner, Bell & Co.","1268.1967","Print","Drawings & Prints","1969-12-04","Y","http://www.moma.org/collection/works/76230","","","","41.2","","","30.6","",""
"76226","BLACK CHRIST II","[4400]","(November 13-December 7) 1963","Lithograph, printed in color","composition  30 x 22 3/16"" (76.2 x 56.4 cm)
sheet  30 x 22 3/16"" (76.2 x 56.4 cm)","Gift of Kleiner, Bell & Co.","1266.1967","Print","Drawings & Prints","1969-12-04","N","","","","","76.2","","","56.4","",""
"7675","Delion","[2404]","1895","Lithograph","49 1/2 x 74 1/2"" (125.7 x 189.2 cm)","Anonymous gift","597.1954","Design","Architecture & Design","1954-12-16","Y","http://www.moma.org/collection/works/7675","","","","125.7302515","","","189.2303785","",""
"149515","Popular Print ""Le Baiser Matinal""","[26617]","1997","Two photostatic prints","Sheet: 9 5/8 x 13 3/16"" (24.5 x 33.5 cm)","Gift of the artist","526.2005.2","Print","Drawings & Prints","2005-06-02","N","","","","","24.5","","","33.5","",""
"16529","Plate (folio 6 verso) from JEUX DE TRAMES","[5625]","1962","","irreg. composition  13 7/8 x 10 5/8"" (35.3 x 27 cm)","Gift of The Contemporaries, Inc.","387.1962.1","Illustrated Book","Drawings & Prints","1962-12-11","N","","","","","35.3","","","27.0","",""
"7714","Alfieri & Lacroix Tipolitozincografica in Milano Propone la Communicazione nell'Induzione Grafica","[2340]","1965","Offset lithograph","38 3/16 x 26 3/4"" (97.1 x 68 cm)","Gift of the designer","605.1981","Design","Architecture & Design","1981-12-10","Y","http://www.moma.org/collection/works/7714","","","","97.1","","","68.0","",""
"66791","ACT UP Art Box","[6105, 5564, 597, 3045, 7460, 710, 5486, 6602]","1993–94, published 1994","Multiple of wooden box with stamped ink and paint additions, containing objects in various media","overall (closed): 5 1/8 x 24 x 13 15/16"" (13.0 x 60.9 x 35.4 cm)","Gift of Agnes Gund","316.1994.1-7","Multiple","Drawings & Prints","1994-05-26","Y","http://www.moma.org/collection/works/66791","","35.4","","13.0","","","60.9","",""
"122639","Art & Project Bulletin #144","[40879]","1985","One from a set of 156 offset printed bulletins, exhibition copy","sheet (each): 11 5/8 x 16 9/16"" (29.6 x 42 cm)","Art & Project/Depot VBVR Gift","1099.2007.142","Print","Drawings & Prints","2007-11-12","N","","","","","29.6","","","42.0","",""
"27443","Sodom. 10 risunkov iz tsikla, ""Narcotique""","[23983]","1924","","Plate (each): 7 x 5 1/8"" (17.8 x 13 cm)","Gift of The Judith Rothschild Foundation","897.2001","Illustrated Book","Drawings & Prints","2001-01-24","N","","","","","17.8","","","13.0","",""
"67680","Hair (La chevelure) from L'Estampe Moderne, Number 19","[6706]","published November 1898","Lithograph from a portfolio of four lithographs","","Mr. and Mrs. E. Powis Jones Fund","360.1958.2","Print","Drawings & Prints","1958-12-19","N","","","","","","","","","",""
"6334","Olivetti Lexikon","[4629]","1950","Silkscreen","27 3/8 x 19 1/2"" (69.5 x 49.5 cm)","Gift of Olivetti Co.","335.1953","Design","Architecture & Design","1953-04-07","Y","http://www.moma.org/collection/works/6334","","","","69.53263907","","","49.53009906","",""
"76232","Georgia O'Keeffe","[4400]","1963","Lithograph","composition: 20 1/8 x 20 1/16"" (51.1 x 50.9cm); sheet: 20 1/8 x 20 1/16"" (51.1 x 50.9cm)","Gift of Kleiner, Bell & Co.","1270.1967","Print","Drawings & Prints","1969-12-04","Y","http://www.moma.org/collection/works/76232","","","","51.1","","","50.9","",""
"63851","Untitled from the portfolio SUITES, no. 8","[527, 7846, 6976, 2678, 194]","-1964","Lithograph","","Gift of Jan Krugier","181.1999.2","Print","Drawings & Prints","1999-05-20","N","","","","","","","","","",""
"108897","Álvaro Barrios: Apropiaciones y Grabados Populares","[26617]","2006","Exhibition catalogue","overall: 11 x 8 7/16"" (27.9 x 21.5 cm)","Gift of the artist","93.2007.1","Illustrated Book","Drawings & Prints","2007-03-07","N","","","","","27.9","","","21.5","",""
"163864","Heriberto Cummins, Sociedad Central de Arquitectos (Poster advertising lecture to architectural students, Buenos Aires)","[2164]","1963","Lithograph","22 3/8 x 15 1/2"" (56.8 x 39.4 cm)","Gift of the designer","364.2014","Design","Architecture & Design","2014-05-19","Y","http://www.moma.org/collection/works/163864","","","","56.83261367","","","39.37007874","",""
"63215","The Will Torture You, My Friend from Conspiracy: The Artist as Witness","[2223, 5564]","1971, published 1972","Screenprint","composition (irreg.): 17 11/16 × 23 1/2"" (44.9 × 59.7 cm); sheet: 17 11/16 × 23 3/4"" (44.9 × 60.4 cm)","Purchase","147.1985","Print","Drawings & Prints","1985-06-04","Y","http://www.moma.org/collection/works/63215","","","","44.9","","","59.7","",""
"159631","APN (Asahi Picture News)","[38961, 35538]","1953-54","Gelatin silver prints, printed 2002","21 1/16 × 17 1/8"" (53.5 × 43.5 cm)","Committee on Photography Fund","701.2012.1-10","Photograph","Photography","2012-05-09","Y","http://www.moma.org/collection/works/159631","","0.0","","53.5","","","43.5","",""
"161814","Untitled from the portfolio APN (Asahi Picture News)","[38961, 35538]","1953-54","Gelatin silver print, printed 2002","7 5/16 × 4 15/16"" (18.6 × 12.5 cm)
","Committee on Photography Fund","701.2012.4","Photograph","Photography","2012-05-09","Y","http://www.moma.org/collection/works/161814","","","","18.6","","","12.5","",""
"99333","Popular Print ""The Martyrdom of Saint Sebastian""","[26617]","1980","Six photolithographs","Sheet: (each) 11 x 8 1/4"" (28 x 21 cm)","Gift of the artist","520.2005.1-6","Print","Drawings & Prints","2005-06-02","Y","http://www.moma.org/collection/works/99333","","","","28.0","","","21.0","",""
"51480","UNTITLED (Delivery Man and Truck)","[2973]","n.d.","Gelatin silver print","5 3/4 × 8 3/4"" (14.7 × 22.3 cm)","David H. McAlpin Fund","350.1974","Photograph","Photography","1974-06-04","N","","","","","14.7","","","22.3","",""
"101419","Fjord Armchair and Foot Stool","[29640]","2002","Armchair: Steel, polyurethane foam and felt. Foot Stool: Polyurethane foam, leather and felt","armchair .1: 40 3/16 x 37 3/8 x 31 1/2"" (102 x 95 x 80 cm)
foot stool .2: 13 3/4 x 31 1/2 x 23 5/8"" (35 x 80 x 60 cm)","Gift of the manufacturer","186.2006.1-2","Design","Architecture & Design","2006-02-09","Y","http://www.moma.org/collection/works/101419","","80.0","","102.0","","","95.0","",""
